Latin Word,Predicted Native Word
vaanon,वाणों
muller,म्यूलर
rudolph,रुडोल्फ
jaatkon,जातकों
sprit,स्प्रित
plan,प्लैन
ramraj,रमरराज
mnaey,मनाए
sujan,सूजन
machanon,मशानों
launcher,लॉन्चर
aary,आर्य
satti,सट्टी
viresh,वीरेश
bajana,बजनाा
bhuli,भूली
peaking,पीकििंग
artha,आर्थ
aagat,आगत
visheshan,विशेषण
mehman,मेहमान
phurti,फूर्ती
halt,हाल्ट
neetiyon,नीतियों
vershan,वर्शन
wlaad,वाल
kaalpi,काल्पी
nagine,नागिन
basin,बसीन
last,लस्ट
sankhyaen,संख्याएं
auchitya,औचित्य
vartamaan,वार्तमान
kalraj,कलराज
nrityon,नृत्यों
lindbhed,लिंदभेद
ail,ऐल
sat,सात
yarayan,याराय
judai,जुडाई
bhabhut,भभूतत
praan,प्राण
ounce,आउंस
updravon,उपद्रवों
jamui,जमूई
bilhaur,बिल्हौर
taseer,तसीर
egmor,इगममर
phadphadat,फडफफड़तट
bichhua,बिछुआा
mungeri,मूंगेी
bella,बेल्ला
vanshavad,वंशावदद
tapuon,तपूओं
pidiyaa,पिड़िया
ebt,इब्ट
plane,प्लेने
sanskaar,संस्कार
avarnataa,अवर्णता
hamla,हमला
vrutton,वृत्तों
pahantaa,पहनता
rajkot,राजकोत
yaari,यारी
bhagaane,भगाने
girjagharo,गिरजाघारों
mhagranth,म्हग्रंठ
mehmaan,मेहमान
pisaai,पिसाई
timer,तीमेर
raghuram,रघुराम
grandson,ग्रैंडसन
registered,रिजिस्टर्ड
bikaneri,बिकानरी
palaari,पलारी
chunar,चुनार
danptiyon,दंपतियों
osaka,ओसकाा
murmur,मुरमूर
bulletin,बल्लेटिं
lakshyon,लक्ष्यों
bhoonhon,भूनहों
singar,सिंगार
bajaj,बजजज
arya,आर्या
jagruti,जागरुती
lehna,लहनना
dukhan,दुखन
swarupon,स्वरुपों
dungarpur,दुंगापुर
tungnath,तूंगना
bakoul,बकोल
mayorka,मैयर्का
sabhaen,सभाएं
breed,ब्रीड
bhootal,भूतल
chaupati,चौपटी
bhukhi,भूखी
hoshangaba,होशंगबबा
mantriyon,मंत्रियों
creg,क्रेग
sujhaati,सुझाती
nishnaat,निश्नात
sulati,सुलती
antah,अंटा
tagade,तगादे
chitthi,चित्ठी
ganpati,गंपती
pehan,पहन
bewakoofaa,बेवकूफा
jamayaa,जमाा
taraash,तराश
nubiya,नुबियया
ishaara,इशारा
vimarsho,विमार्ों
ubhara,उभरा
apnani,अपनानी
pam,पाम
jankaron,जानकरों
chayal,चायल
ankon,एंकों
abhimat,अभिमात
mtech,मैट
divya,दीव्य
jheel,झील
jatati,जततती
khajraana,खजराणा
bokaro,बोकरों
prashaasan,प्रशासन
melghat,मेल्ठट
prahad,प्रहदद
vaishaakhi,वैशाखिकक
thane,थाने
ekattha,इकट्ठा
pehnate,पहनाते
bhumika,भूमिका
kanti,कांती
jodta,जोड़ता
melani,मेलान
kaetholiko,कैथोलिकों
hadauti,हडौती
batlaae,बतलाई
najarandaa,नज़रंदाज
mahapauron,महापौरों
anukoltha,अनुकोतथा
propellant,प्रोपलेंंं
kathfodave,कठफोड़वे
rupak,रुपक
vidyaon,विद्याओं
dhandon,धंडों
purjon,पुर्ों
vadiyon,वादियों
met,मेट
bharte,भरतते
abut,आबुत
gutta,गुट्त
aalha,आल्ा
chhuree,छुडी
depthiriya,डेप्थिरियय
paakhandi,पाखंडी
chikhali,चिखली
deepsingh,डीप्सिं
de,दे
pratibhuti,प्रतिभूतिय
daav,दाव
asi,आसी
putaliyon,पुतललियों
mem,मेम
eliminator,इलिमिनेटर
bagiyon,बगीयों
spell,स्पेल
karna,कर्ण
saajan,साजन
chaturdik,चातुर्दिक
bhariy,भारीय
economic,इकोनॉमिक
lux,लु्स
rais,रैस
reeta,रीता
achievemen,अचिवेमेंं
karybhar,कार्यबार
chidhte,चिध्ते
vibram,वाइब्रम
lakir,लाकिर
kusumalta,कुसूमलताा
mahamantra,महामंत्र
half,हाफ
moodi,मूदी
shringar,श्रृंगार
routes,राउट्स
sfc,एसएफसी
daabholkar,दाभोलकार
granthiyon,ग्राथियों
vikramjeet,विक्रमजीत
diaries,डायरिज
navate,नवाते
mardangi,मर्डंगी
farrukhnag,फरुखनागर
gaye,गाये
haan,हान
choro,चोरो
abhi,अभी
aden,एडेन
suhagin,सुहागीन
khastaur,खससतौर
shatpath,शत्पा
ligar,लिगर
baadhit,बाध़त
ethhan,ऐथथन
shaantikaa,शानतिकारी
bharani,भरणी
spf,एसपीएफ
daisy,डैसी
corridor,कॉरिडोर
dhoondhi,धूंधी
erica,इरिका
jamaaya,जमाया
parshadon,परशददों
thikane,ठीकाने
kutta,कुट्टा
durdarshan,दुरदर्शनीं
ghatatop,घटटटोप
badali,बदली
nagarik,नागरिक
nigar,निगार
brahmalin,ब्रा्मललीन
emily,एमिली
artery,आर्टरी
korola,कोरोला
sure,सुरे
khinchkar,खींचकार
ritual,रिइ्आल
mahanidesh,महानीदेशरर
cleris,क्लररिस
girti,गिरती
stre,स्त्रे
ganth,गंं
angraji,अंग्रजी
rahmat,रहमत
kapda,कपड़ा
jayalalita,जयलाितत
khachakhac,खचाखाचचलर
sanjeevan,संजीवन
gomke,गोमके
dhunai,धुंईई
vaigyaanik,वैज्ञानिक
teekamgarh,तीकंमगढ़
lovasa,लवासा
tuning,टूनिंगग
daataa,दाता
nazeem,नज्ीम
bim,बिम
eddie,एडीी
wattson,वाट्सनन
prashasani,प्रशासनी
bhooli,भूली
hooper,हुपर
samprbhu,संप्रभू
mahakne,महकने
baljeet,बल्जीत
thitron,थित्रों
hahakar,हहाकर
urgent,यर्जेंट
chaurai,चौराई
jua,जूआ
karanjiya,करंजीया
purzon,पुर्जो
longewal,लोंगेवाल
proto,प्रोटो
mangani,मंगानी
naksalavaa,नकसलवाल
vyaghat,व्याघात
marwar,मरवाार
paarshad,पार्श
thief,ठीफ
seto,सेटो
jurab,जुराब
durbhiksh,दूरभिक्ष
jasper,जसपर
karyarat,कार्यातत
trubyunal,ट्रबब्यलल
isht,इश्ट
bhulaa,भुला
arthon,अर्थों
laurense,लॉरेंस
kisaani,किसानी
kap,कप
stops,स्टॉप्स
bakse,बकसे
vansh,वंश
gujarta,गुजरता
samprati,संप्रति
deepn,डीपन
maukon,मौकों
tantron,तंत्रों
jadeite,जड़तते
zuban,जुबबन
nikhari,निखररी
thirke,ठररके
aahnan,आहनान
rate,रेट
ashktta,अश्क्तता
bells,बेल्स
paneer,पणिर
jataati,जताती
merraige,मररेज
aarya,आर्या
oxy,ऑक्सीी
mario,मारियो
tuglaki,तुगलाकी
napa,नापा
manchiya,मांचिया
aloso,आलोसो
raaji,राजी
aswabhavik,अस्वाभाविक
karam,करमम
dangerous,डैंजररसस
chabate,चबतते
rosario,रोसरिियो
equities,एक्विटीज
istife,इज्टाफफ
putle,पूटल
mardanagi,मर्दानगी
sunaaron,सुनारों
dukhiyon,दुखियों
rushikul,रुशिकुल
samahar,समहहार
sawal,सवाल
bhaate,भाते
dukhon,दुखों
gujare,गुजरे
shaniwar,शानिवार
muflisi,मुफलीसी
jio,जीओ
balli,बल्ली
lingbhed,लिंगभेद
ikatthi,इकट्टी
kachche,कच्चे
yatna,यतना
sevakon,सेवकों
diphtheria,डिप्टररियय
vigyaani,विज्ञानी
mathey,माथे
jiyo,जीयो
amanat,अमानत
laati,लाती
avsthaen,अवस्थाएं
mejbaan,मेजबान
hemwati,हेमवाती
sarahind,सराहिंद
fagua,फगुआ
nidhaan,निधान
sanyukt,संयुक्त
arushi,आरूशी
badhati,बढ़ती
manjil,मंजील
sanskritiy,संस्कृतिया
peratruper,पेरा्रपर
kochi,कोचीी
dali,दाीी
nehara,नेहरा
convention,कन्ेेशन
manch,मंचच
tarashay,तराशयय
saraahi,सााहीी
alii,आली
mezabani,मेधबबनी
thahrane,ठहराने
two,ट्ो
ralod,रालड
maurya,मौर्य
gaya,गाया
samjhoonga,समझौंगा
proof,प्रुफ
swa,स्व
parnel,पर्नेल
shetron,क्षेत्रों
wesle,वेस्ले
dhande,धनदे
ekaki,इकाकी
fulaaye,फुलाय
chahunor,चाहुरो
ranjkta,रणजकतता
fislaa,फिस्ला
canals,कैनल्स
suraj,सुरज
ashrvatath,अश्रवताथथ
avarnata,अवर्णता
ginate,गिनते
cutlery,कटलरी
namavaliyo,नमावलियों
denevaali,देनेवाली
mhantam,म्हंतम
vije,वाज
mahanirdes,माहिर्देश
favvara,फववाऱा
owem,ओवम
pedia,पेड़िया
vaangchuk,वांगचुक
ghontne,घोंटने
sapane,सपने
shahrvasiy,शहरवासिययो
jaylalita,जयलालिता
ruganta,रुग्तता
nega,नेगा
udar,उदार
programers,प्रोग्रामे
kalpi,कल्पी
wadali,वादली
jaankaron,जानकरों
mariya,मरिया
layega,लायगा
khaate,खाते
dum,डमम
jeetod,जितोड़
bag,बाग
eyer,आयर
sanasthit,संस्थित
nectar,नेक्टर
katthai,कट्ठाई
baksi,बकसी
shujaat,शुजात
farukhabad,फरुखाबाद
dhundhi,धुंधी
batlakar,बतलाकार
atmaen,आत्मैंं
jubaan,जुबान
karoor,करूर
taiboo,टैबबू
avika,अविका
complex,कं््लेक्स
dubona,डूबोना
harjeet,हरजीत
selfie,सेल्पी
singhaadey,सिंहाडे
chimati,चीमटी
chhutane,छुटाने
taapti,तापती
vritton,वृत्तों
shaakir,शाकिर
carfi,कॉरफी
niyanta,नियंतता
bagbani,बागबानी
rugnata,रुग्णता
gujar,गुजर
sanyojnon,संयोजनों
dikhaain,दिखाईं
gaen,गांं
then,ठें
mithila,मिठिला
jamaya,जमाया
ryan,रियन
aapkaa,आपका
byavar,ब्यववर
spma,स्पममम
mangesh,मंगेश
gayitri,गयित्री
awazen,अवाजें
darjanon,दर्ानों
tapti,तपती
gajra,गजरा
jadet,जादेत
masaaledaa,मसालेदार
matrix,मेट्रिक्स
parshad,परशदद
pushpit,पुष्पित
self,सेल्फ
sanghnit,संघनित
dhasmana,धस्माना
parishadon,परिशददों
reasonal,रिजोनल
reduction,रेडक्शन
sambhrant,समभरंंत
sonpne,सोंपनन
amavasya,अमवस्या
samalakha,समलाखा
naksalwad,नकससलवाड
humlavar,हमलावर
should,शाल्ड
urdhav,उर्ध्व
gunga,गुंगा
ronaldo,रोनाल्डो
dikhayi,दिखाईी
mexico,मैक्सिको
theatre,ठीत्रे
karghe,का्घे
bachati,बचाती
lakshmidha,लक्ष्मीदाध
bhukh,भूख
robertson,रॉबर्ट्न
mop,मोप
dayitvon,दययित्वों
varnit,वा्नित
legaa,लेगा
cheh,चेह
nawanagar,नवानगर
nazarandaa,नज़रंदाज
bechakar,बेचकर
nadep,नादेप
rojlin,रोजलिं
manae,मनाई
munnu,मुन्न
bagichi,बगीची
sarahi,साराही
janjagran,जनजाग्णण
jamaati,जमाती
kamaauu,कमाऊ
pale,पाले
zalzale,जलजालले
gouchar,गुचार
putul,पुतुल
jatiyon,जातियों
parvaa,परवा
slide,स्लाइड
brahmlin,ब्रा्मलिन
baji,बाजी
aparivarta,अपरिवर्तत
siyasi,सियासी
routine,राउटिन
poojaapaat,पूजापाता
uthane,उठाने
pataraani,पटराणी
ubuntu,उबुतू
kaji,काजी
blossom,ब्लॉसम
ikvitija,इकववितिजज
urf,अर्फ
westing,वेस्टिंग
sataane,सताने
rambharose,रामभरोसे
kundal,कुंदल
chaudhavan,चौदहवनं
duwaidhaay,दुवैधायाय
dramen,ड्रमैन
stray,स्ट्रे
samprbhuta,संप्रभूता
upadrawon,उपद्रवों
kasrat,कसरतत
kurvi,कूरवीी
mardo,मर्दोो
dita,दीता
changed,चांगेड
viththal,विथ्ठल
punargatha,पुनर्गठा
broke,ब्रॉक
sims,सिम्स
chaukiyan,चौकियां
bostan,बोस्टन
wrapping,रैपिंग
marji,मार्ी
bhadkaya,भड़काया
england,इंग्लैड
labada,लाबडडा
murjha,मूरहा
rasyanik,रास्यनिक
yarooshale,यरूशलले
dhuriya,धुरिया
ghongha,घोंघा
dhoondh,धूंध
chiththi,चित्ठी
khate,खाते
jira,जीरा
masyendran,मस्यंद्रन
ahsaas,अहसास
bhairo,भैरो
ballabh,बल्लभभ
unatees,यनेटीस
jenrick,जेररिक
ravaley,रवाले
flynn,फिलीन
vyapak,व्यापक
awashist,अवैशिस्ट
vinasht,विनाश्ट
pitne,पीतने
dolne,डोलने
pitaamaha,पिटामहा
farheen,फरहीं
bairakpur,बैराकपुर
pranon,प्रणों
saptakrant,सप्तककरंत
pahnaakar,पहनाकर
taoo,टाऊ
sochane,सोचने
neet,नीत
vimarsh,विमार्
avegyanik,अवेज्यानक
zawar,जवार
duak,दुआक
mahakane,महकाने
theni,थेनी
kakoo,काकू
tharti,ठारती
pulam,पुलमम
ghumakkdi,घुमाककदी
urvarkon,ऊर्वरकों
ronit,रोणित
feeder,फीडर
chitthi,चित्ठी
bakhshane,बख़्शने
thiyeters,थियटेटर्स
branti,ब्रंटी
gyapit,ज्ञापित
gazipur,गाज़पपुर
gyatvy,ज्ञात्य
mahavidya,महाविद्य
nahargarh,नहररढ़
kalighat,कालघात
kumavat,कुमावट
emile,इमिले
napane,नापने
satluj,सतलुझ
nelsan,नेल्सन
lurhakate,लुढ़कते
aset,एसेट
sanskurt,संस्कृत
khani,खानी
ulemaon,उल्लमाओं
kruger,क्रगगरर
farookhnag,फरूख्ागा
waan,वान
shakhayan,शखायनन
faisala,फैससला
thirake,थिरके
saptapadi,सप्तपपदीी
lairy,लेरीी
tapmanon,तप्मानों
vesh,वेश
gandha,गांधा
samadhan,समाधन
sexual,सेक्सुल
trebal,ट्रेबल
ishat,इश््
sathiya,साहीया
parwaa,परवा
laurens,लॉरेंस
manipal,मनिपाल
massachuse,मससाचसेश्स
jue,जुए
amarpal,अमारपाल
cps,सीपीएस
bagad,बागड़
douglas,डॉलल
evening,इमनिंग
hostes,हॉस्टेस
niveshakar,निवेशकारर
sabhyata,सभ्यता
tennis,टेनिस
valve,वाल्े
jeneva,जेनेवा
nikhar,निखरर
gae,गाई
scandinavi,स्कैंडिनीी
thumari,थूमारी
lairi,लारर
lehrayi,लहरायी
rajinaama,राजीनामा
anuchit,अनुचित
sooja,सूजा
jerusalem,जर्सललम
badlapur,बदलापुर
tippanikar,तिप्पणिकरण
naxal,नककाल
khanikarm,खानिका्म
puraane,पुराने
chhudane,छुड़़ने
parnell,पारनेल
khapat,खपट
raajneetik,राजनीतिक
manmarji,मनमार्ीी
ravish,रविष
niptara,निपटतरा
jhuthla,झूठला
faansi,फांसी
ashaktataa,आशक्ततां
vishwasnii,विश्वासनीन
aavrittiyo,आवृत्तियों
padega,पडेगा
grandhiyon,गृरंधियों
nanavati,नानावती
chaudah,चौदह
tyred,ट्यरेड
aapadaaaen,आपदाएं
pushpa,पुष्प
ghost,घोस्ट
tyoiharon,त्योहारों
jardaa,जर्दा
lime,लिम
julus,जुलूस
kant,कांत
vincent,विंकेंट
upadraviyo,उपद्रवियों
vipro,विप्रो
biggest,बाग्ेस्ट
traded,ट्रेडेड
chahunaur,चाूौौरर
utane,उतने
aryon,एरियों
vanshdhar,वंशधार
ukhrool,उखरूल
multai,मुलताई
hairam,हैराम
uski,उसकी
pau,पाऊ
saunpane,सौंपने
kping,कपिंग
dvc,डीवीसी
avishvasni,अविश्वासनी
wipro,विप्रो
chhekein,छेकें
kagaj,कागज
duneerti,दुनेर्ती
fatehgadh,फतेहगढ़
khal,खाल
masaledaar,मसललदार
chart,चार्ट
jivaniya,जीवनीया
shabdarth,शब्दर्थ
judai,जुडाईई
kamtar,कममरर
client,क्लाइंट
chowk,चौक
canterbury,कैंटरबरी
ester,ईस्टर
junun,जुनून
audyogikik,औद्यगकिककक
benis,बेनिस
rasaayanon,रसायनों
lalla,लाला
ardaas,अर्दस
kshetron,क्षेत्रों
hawalaat,हवलात
ibiza,इबीजाा
kasht,कष्ट
polishing,पोलिशिंग
siddhivat,सिद्धिवतत
somi,सोमी
sukhti,सूखती
apvtrit,अपवत्रित
chausingha,चौसिंहह
eyarve,इयरवे
shmil,श्मिल
bhulta,भुलतता
mul,मूल
mate,मेट
advaitwad,आद्वैववाद
barsata,बरसता
cricket,क्रिकट
singapore,सिंगपोरर
rupesh,रूपेश
ruktey,रुकते
khoikhoi,खोईखो
labelling,लेबलिंग
janhani,जाहानी
offers,ऑफर्स
ferth,फर्थ
thki,ठकी
wolv,वोलव
melaghaat,मेलाहाट
hurricane,हररिकनन
mezbaani,मेजबानी
mooth,मूठ
tarko,तर्को
baapa,बापा
beni,बेनीी
jamaate,जमाते
khanik,खानिक
rugna,रूग्ण
dahan,दहनन
panchaang,पंचांग
tainin,तैनीन
banthiya,बांिया
katrina,कत्रीना
chenkein,चेंकें
sapariwar,सप्रवार
wicket,विकेट
guan,गुवान
agusta,अगुस्त
end,ऐंड
rukavaton,रुकावटों
sitaram,सितारम
leedaron,लीदारों
dhairyavaa,धैर्यवादी
sametti,समेटी
dhatana,ढानना
pigmentati,पीग्मेटटी
nanak,नानक
usi,उसी
anurit,अनुरित
baabat,बाबत
solitaire,सोलीटेयरर
watanukool,वातननुकूलि
raktabh,रक्तभ्
programs,प्रोग्राम्
navjaagara,नवजागरण
sandarbha,संडररभा
theaters,थीटर्स
upbhokta,उपभोक्त
punjabiyon,पंजजबियों
kaku,काकू
swap,स्वप
dhandhanya,धनधान्य
brigatn,ब्रिग्टन
maariya,मारिया
rajon,रजों
vaitrawati,वैत्रवती
rental,रेंटल
amitao,अमिताओ
yariyan,यरियान
panaamaa,पनामा
antrmukh,अंतरमुख
bavra,बावऱा
baldwin,बाल्वीन
tark,ता्क
deji,देजी
aryo,आर्यो
chauda,चौदा
batlae,बतलाई
pammu,पम्मु
cigretton,सिग्रेटो
uplakshya,उपलक्ष्य
kaldwell,कैल्डेलल
synapse,सिंाप्स
laundry,लॉन्ड्री
polish,पॉलिश
gtor,ग्तोर
dhamkata,धमकाता
saptkraant,सप्तकृतांत
rasayanon,रसयनों
mhanidesha,महानीदेशा
munafa,मूनफाा
kamottejan,कमोत्तेजन
parloron,पार्लरों
awazon,आवाजों
matthe,मट्ठे
dayitwa,दयित्व
kanthahar,कंठहर
kakkar,कक्कर
bhara,भारा
niveshkart,निवेशकार्त
slides,स्लाइड्स
chinke,चिंके
enthe,ऐंठे
udaanon,उदानों
phoda,फोड़
sukhati,सूखती
vishnu,विष्णुु
patavaari,पटवारी
eon,इयोन
ratanpur,रतनपुरर
gujarate,गुजराते
dayityon,दायित्यों
lindon,लिंडों
gajipur,गाजिपुर
han,हा
karpatri,कर्पत्री
paranormal,परणोरमंल
atthas,अट्ठस
aaraam,आराम
badhaon,बाधाओं
shaly,शल्य
olavrishti,ओलवरिष्ट्
tarkwaad,तार्कााद
idle,आइडल
satpal,सत्पल
ghumakkadi,घुमाकडड़ीी
nagaadaa,नगगााा
tarkvad,ता्कवाद
chipakane,चिपकने
sendha,सेंधा
baramade,बरामडे
obrien,ऑब्रिय
kile,किले
baraamad,बरामद
udharv,उधर्व
jinee,जिने
patkathaei,पटकथाएं
bhayo,भायो
pokar,पोकरर
kaushal,कौशलल
dradh,द्धध
nishchal,निश्चल
kartik,कार्टिक
kanishthik,काीष्ठिकों
welding,वेल्डंग
fansi,फैंसी
hijbul,हिजबुल
yaatna,याटना
sheershako,शीर्षकों
dayitv,दयित्व
dhari,धारी
bandhan,बंधन
maryaadaa,मर्यदा
kaaji,काजी
atwaal,अत्वल
ekatthi,इकट्ठी
stress,स्ट्रेस
aisa,ऐसा
dastavej,दस्तावेज
sutli,सूतली
fodo,फोड़ो
jatatee,जततती
bheesham,भीषम
vidyaen,विद्याएं
lendal,लेंडल
savaal,सवाल
sakar,साकार
saval,सवाल
dang,डांग
awaazon,आवाजों
supachy,सुपाच्
bhugol,भूगोल
kranj,क्रंज
cube,कबू
chandramao,चंद्रमौओं
nauner,नौनेर
zubair,जुबबबर
jeen,जीं
premlata,प्रेमलाता
fikra,फिक्र
lakeer,लकीर
dhyeyavaad,ध्यायवाद
cbse,सीबीस
sanjay,संजय
emrald,एमराल्ड
naivedh,नैवेध
kiliyan,किलियां
cricketer,क्रिकटर
nicki,निकीी
nights,नाइट्स
bhanu,भानु
gyatavya,ग्ञात्वय
amaanat,अमानत
antarmukh,अंतरमुख
naxaliyon,नककसलियों
varsaache,वरसाचे
rotation,रोटेशन
dekhoge,देखोगे
sulzai,सुलझाई
dadreva,दद्रेवा
rajneetika,राजनीतिकाक
daanshil,दांशील
pihani,पिहनी
khaskar,खसकर
suja,सूजा
duvidhaaen,दुविधाएं
ayodhyaana,अयोद्यानाथ
pahnata,पहनाता
goswami,गोस्वामी
iaan,इएन
ravael,रविल
shrimati,श्रीमती
sulaati,सुलाती
phalne,फलने
khatakati,खटकती
ubal,उबल
shawn,शान
sahuliyat,सहूलियत
mainan,मैनन
vishwasnii,विश्वासनीन
elaaj,इलाज
barahmasi,बराहमाी
sakra,सकरा
vaadiyon,वाड़यों
bazaru,बाजाौू
najron,नज़ों
yaduwansh,यदुवंश
nichalaa,निचला
lagna,लगना
sthitiyon,स्थितियों
cil,सीएल
agnat,अग्नात
kavvaliyon,काववालियों
pranit,प्राणित
mhathir,महाथिर
upabhokta,उपभोक्ता
sivan,सीवा
mauritious,मॉरिशेशसस
nitiyon,नितियों
singhre,सिंहरे
naushad,नौशद
tarashe,तराशे
soochak,सूचक
imaging,इमेजिंग
mukarte,मुकर्ते
saajsajja,साजसंज्ज
recreation,रिक्रेशन
pakaayein,पकायें
kalpanaon,कल्पनाओं
dhamm,धम्म
phaaph,फाफ
ashariri,अशारररी
isaiyon,ईसाइयों
varsaryach,वर्सर्यच्य
maksad,मकसद
peary,पियी
lbdh,लब्ढ
ratrichar,रात्रचचर
soy,सोय
ramkote,रामकोते
methanol,मैथेोल
sikud,सिकुड़
swiftlet,स्वीफ्टलट
jarda,जारदा
taste,तस्ते
jewellers,ज्वेलर्स
ghodi,घोड़ी
truck,ट्रक
lahanaa,लहना
vigyani,विज्ञानी
dilaaye,दिलाय
langdon,लैंगड़ो
saraha,सारहा
achanbha,अचाबभ
roojwelt,रूजवेल्ट
dhakkal,ढक्कल
hymen,हाममें
khushiyan,खुशियां
haalchal,हालचलल
kahne,कहने
asamanjasy,असमंंज्य
lalpur,लालपुर
junior,जूनियर
janganna,जंगगनना
daw,डॉ
bouni,बौनि
tied,टिवेड
chaalit,चालित
emelon,इमलन
lagnevaale,लगनेवालेल
nineties,निइनटीज
tuglak,तुगलाक
chhagla,छगलला
jadit,जादित
pml,पीएमएल
najib,नाजीबब
sapne,सपने
velkan,वेलकण
manzil,मंजील
racketier,राकेटियर
nagaaraa,नगररा
tariko,तरीको
phatne,फटने
theatrs,थाट्र्स
uthen,उठेंं
alasi,आलसी
danshil,दंशिल
sanskrutiy,संस्कृतियो
ukrainian,यूक्रेनियन
nokari,नोकरी
tau,ताऊ
aavriti,आवृति
jin,जीन
lakme,लकममे
talve,तालव
mahagranth,महाग्रंथ
dikhaee,दिखाई
immune,इम्यून
chidchidap,चिड़चिडापप
maheman,महेमान
live,लाइ
singer,सिंगर
jalagati,जलगगती
aurangabad,औरंगाबाद
fusion,फसियं
drupad,द्रुपद
raees,राइस
peetne,पीटने
shaakhaaen,शाखाएं
alaps,एलप्स
da,डीए
bhraantiyo,भ्रणतियों
phalibhoot,फलिभूत
samanjasya,समांज्यय
nihaalchan,निहालचंद्
mukhyopadh,मुख्योपाधा
dardraa,दर्दरा
thaili,थैली
rodrigo,रोड्रिगो
rhamat,रहमत
banthia,बांििया
varenya,वररेन्य
hounga,हुउंग
slaaidon,स्लाइडों
mool,मूल
kaju,काजू
bhula,भूला
wasting,वास्टिंग
pratigya,प्रतिज्ञ
agyaat,अज्ञात
alonso,आलोससो
patakshep,पतकक्षेप
prashasnik,प्रशासनिका
letkar,लेककर
greest,ग्रीस्ट
federal,फेडरल
garibi,गरीबी
hoaf,हॉफ
isteefe,इस्टीफ
adhik,आधिक
chhinky,छिंकी
jeevan,जीवन
saman,साम
praakkatha,प्राकठा
pyade,प्यादे
asthetic,एस्थेटिक
aviva,अविवा
tantro,टांट्रो
shrungar,श्ंगार
raajon,राजों
liidaron,लिदाराों
phabti,फब्ती
facial,फैसि
thaki,ठाकी
nrutyon,नृत्यों
bahulya,बहुल्य
kabron,कब्ों
tribunal,ट्रिब्नलल
sriram,स्रीराम
vlc,वीएलसी
mega,मेगा
vibha,विभा
networking,नेटवर्किंग
sakara,सकारा
nikalegi,निकाेेगी
machaanon,मचानों
dabolim,दबोलिम
avishkar,अविष्कार
lahsun,लहसून
naksali,नकससली
yaariyan,यारियां
bechte,बेचते
catholic,कैथलिक
raadhe,राधे
brijesh,ब्जीेश
sansthita,संस्थिता
samadhiyon,समाधियों
ladaeyon,लड़ाइयो
sabhen,सभेन
bachat,बचात
propellent,प्रोपलेंंं
medical,मैडिकल
khoya,खोय
visheshano,विशेषणों
theharne,ठहरने
yda,यडा
badata,बड़ता
nagaada,नगादा
sayra,सायरा
poojapath,पूजपपठठ
napne,नानने
sean,सिनन
mtec,मीटेस
acchi,अच्छी
amod,अमोद
vaigyanika,वैज्ञानिका
sirhind,सिरहिंद
tugalki,तुगाककी
firmian,फर्मियान
nora,नोरा
vayna,वायना
yarushalem,यरूशालेमम
kaagaz,काग़ज़
rajma,रजजमा
flin,फ्लाइ
surveen,सू्वीण
funda,फुंडा
manga,मंगा
kalika,कालिका
cup,कस
barsaata,बरसाता
sandli,सांडली
rasayanika,रसायनिका
bag,बाग
baithantey,बैठंतेय
chiththi,चित्ठी
sohawal,सोहवलल
mam,ममम
sutali,सूतली
drager,ड्रेजर
rugan,रुग्ण
ginee,गिनी
sohrai,सोहराई
prashasano,प्रशासनों
kamaate,कमाते
jini,जीनी
bavaji,बावजी
strocks,स्ट्रॉक्स
melaanin,मेलानीं
jhuthala,झूठला
haldi,हल्दी
kashton,कष्टों
ghisi,घीसी
udaan,उदान
lutf,लूटफ
population,पोपुलेशन
trap,ट्रेप
phode,फोड़
raagon,रागों
kasimabad,कससीमाबाद
fus,फस
khanda,खंडा
chetti,चेत्ती
mahavigyan,महाविज्ञान
pagbadha,पगबाढ़
dikhae,दिखाए
championsh,चंपियनश
prapt,प्रपप्त
shaavakon,शावकों
ethan,ऐथा
ballistic,बैलिस्टिकक
sahrawat,सहरावत
sandali,सांडली
bhulo,भूलो
geneva,जेनेवा
mhajan,महाजन
speller,स्पेलर
jeevraaj,जीव्ाज
flesh,फ्लैश
lagatar,लगततार
signals,सिग्नल्स
pooranpur,पूरणपपुर
bikherati,बिखेरती
aapka,आपका
kaushalata,कौशलताा
xm,एमस्स
chune,चूने
hilane,हिलाने
darjano,दर्ानं
alankar,अलंकर
aarushi,आरुषी
katra,कतरा
yojanaen,योजनाइएं
neelagaay,नीलगाय
pib,पीबीब
kanaal,कनालल
zee,जीी
jivaniyan,जीवनियां
tarfa,ता्फा
besahaaraa,बेसाराां
dark,डार्क
halchal,हलचलल
slidon,स्लीडों
calling,कॉलिंग
aayojak,आयोजक
niptaaraa,निपटारा
kisani,किसनी
sapate,सपते
achyut,अचूत
ipad,इइपद
gaumutr,गौमुत्र
paarampari,पारंपारिक
psv,पीएीी
taajaa,ताजा
bhumi,भूमि
halla,हल्ला
sanskrit,संस्ृृत
naxalwaad,नक्ललादद
wealth,वेल्थ
putali,पूतलली
hani,हानी
neechaaee,नीचाई
jeepney,जीपने
badam,बादाम
narsanharo,नरसंहारों
sanchayan,संचाय
falta,फालता
emailon,इमेलों
abantit,अबंंतित
astin,एस्टिन
pmo,प्मो
race,रेस
recer,रेसर
oxide,ओक्साइड
shaasaka,शासकाा
nazarandaz,नज़रंडाज
shirshakon,शिर्षकों
weldor,वेल्डर
want,वां
simmons,सिमंस
andrabi,अंद्रबी
perabola,पेराबलल
ilayachi,इलायचि
kshin,क्षिन
chheenk,छिंक
sapat,साप
cant,केंट
kamraj,कममााज
sankhyaein,संख्याएं
mason,मसों
khaaskar,खासकार
kmere,कमररर
ikattha,इकट्ठा
praudh,प्रौढ़
baramad,बररमद
log,लॉग
chhetter,छेतरर
jaanch,जांच
charts,चार््स
kanyaayen,कन्यायं
vitark,वितर्क
kaping,कैपंग
chidhate,चिढ़ते
andhapan,अंधपपन
mancheeye,मंचीय
ayodhyanaa,अयोद्यनान
vellur,वेलुर
rosariyo,रोसरियो
sabmission,सैबमिशन
sweccha,स्वेच्छा
doonarpur,दूनरपपुर
adhyayanar,अध्ययनरर
pagabadha,पगबबढ़
conjunctio,कंजंकस्शन
ropane,रोपने
uplabdhiyo,उपलबद्ियों
jerome,जररोम
dhonaa,ढोना
achambha,अचंभ
mitaao,मिटाओ
saayn,सायन
raakhe,राखे
ghumakkaro,घुमाकारों
tuesday,टुयूजड
manzila,मंजीला
sevkon,सेवकों
ecuador,एकुडडोर
tremasik,त्रैमासिकक
besahara,बेसाहाा
sochne,सोचने
aatmayen,आत्मयें
makrani,मकरानी
vadali,वादली
anureet,अनुरीत
manto,मंतो
yojanaye,योजनाय
sev,सेव
isht,इश्ट
namankanon,नमनककनों
longoval,लोंगोवल
dhkal,ढकल
sarsaa,सरसा
chhai,छाई
shervasiyo,शेरवासियों
shavkon,शवकों
ghot,घोट
tareeko,तरीको
deepika,दिपिका
insurance,इंस्रेंस
riggs,रिग्स
huin,हुइं
dhokhebaj,धोखेबाज
dhkelate,ढकेलते
saanketika,सांकेतिकाण
roya,रोया
durgun,दुर्गण
hamalavar,हमलावर
retreate,रेट्रेइ
aesthetics,एस्थथेटिक्
kailana,कैलाना
shaun,शान
megapixal,मैगपपिकलल
churcha,चर्चा
stithi,स्टिथी
policy,पॉलिसीीी
classen,क्लासनन
greist,ग्रेस्ट
latkate,लटकते
rozlyn,रॉजलीन
mimicry,माइिक्री
dastana,दस्ताना
tikone,टीकोन
andha,अंधा
mithilanch,मिठिलंचरर
labelo,लेबेलो
spray,स्प्रय
eesa,ईसा
khurpaka,खुरपाका
ajit,अजीत
nihalchand,निहाचंद
bastiyon,बस्टियों
aagah,आगहह
bechate,बेचते
antony,एंटोनी
doranda,दोरंडा
tyohaar,त्योहार
born,बॉर्न
colan,कललन
martha,मर्थ
aadhunik,आधुनिक
vyatit,व्यतित
cric,क्रीक
goel,गोल
vanon,वनों
vidyaaon,विद्याओं
salahkar,सलाहकार
stuti,स्टुटी
chaudahava,चौदहवादी
ambani,अंबााी
chhupata,छुपता
theatron,थीत्रों
alai,अलाई
urwarakon,उर्वरकोंो
aasaan,आसान
munshiganj,मूंशिजंज
grihnagar,गृहनागर
piloton,पिलोटों
shrankhala,श्रृंखलां
kushan,कुशन
jnhaani,जनहानी
simate,सीमाट
dakhil,दाख़लल
uttra,उत्तरा
virechan,विरेचन
fatma,फाममा
maryokar,मार्कार
changul,चंगुल
vasharan,वशारणण
dhundhata,ढूंधता
barrackpor,बैररकपपर
prapaaton,प्रपाटों
jodo,जोड़ो
tennis,टेनिस
piyari,पियारी
amanati,अमानती
mufalisi,मुफललीसी
haani,हानी
dhiryawaan,धीर्यवान
parimal,परिमलल
shrabon,श्रबों
auchity,औषित्य
nipatara,निपटारा
pijja,पिज्जा
uthapatak,उठपपकक
yaduvansh,यदुवंश
chadhane,चढ़ाे
suba,सबबा
rukate,रुकते
notes,नोट्स
haive,हैवे
pathshalay,पाशशालाय
item,आइटमम
sambit,संबित
rak,रक
moolon,मूलों
yugam,युगमम
premi,प्रेमी
patiya,पटिया
prathmikta,प्राममिकता
man,मन
karykartao,कार्यकार्त
gic,जीईसीीी
budvig,बुड्विग
jivant,जीवंत
valkan,वाककण
lenset,लेससेट
vidhaaon,विधाओं
daka,डाका
weronika,वेरोनिका
matsyavata,मत्सयावता
farm,फ़्मम
agavai,अगवाई
daratey,दरते
christian,क्रिस्टियन
anukulta,अनुकूलता
vajud,वाजूद
semen,सीमेन
jhilon,झीलों
apvartit,अपवर्तितत
qawwali,क़व्वाली
jamuei,जममूई
dikhai,दिखाई
nakam,नकाम
usaki,उसकी
jipani,जीपनीी
kasarat,कसातत
formic,फॉर्मिक
mowgli,मॉउलली
upakhyanon,उपख्यानों
generate,जनरेट
emi,एमी
baila,बेला
tadipar,तदीपर
dubhashiyo,दुभाषियों
dahal,दहल
sanvedikar,संवेदीकर
gaumutra,गौमुत्र
africa,अफ्रिका
chhaviyaan,छववियां
vyavdhan,व्यवधान
chest,चेस्ट
tanta,तांता
rowan,रोवन
nominate,नॉमिनेट
vikramjit,विक्रमंजित
prapat,प्रपत
avrodhk,अवरोधक
vayana,वायना
tantrikaon,तंत्रिकाओं
ashriri,अश्रीरी
chauguni,चौगुनी
alankaaron,अलंकारों
darmiyaan,डरमियां
langron,लांग्ों
malar,मालार
raalod,रालोड
chalenge,चलेंगे
nun,नन
khurapka,खुरापका
hijada,हिजड़ा
kanji,कांजी
parishadiy,परिशद्दियो
tapuwo,टेपूयो
deeya,दीया
thanjavur,तंजावूर
prakshepak,प्रक्षेपक
dikhaai,दिखाई
ekaeyon,इकाइयों
najibabad,नजजीबाबादद
sipahiyon,सिपहिययों
iso,आईएसस
sanyukta,संयुक्त
dalbadal,दलबादल
sandrbh,संद्रभ
patkathaye,पटकथाएं
khairati,खैरती
sanshyon,संश्यों
dhundh,धुंध
chlenge,च्लेंज
saptari,सप्तरी
aawazon,आवाजों
dealership,डेलर्शिप
multae,मुलताई
cricketing,क्रिकेटिं
bilai,बिलाई
ubaal,उबाल
girijaghar,गिरजजाघर
udanon,उदानों
anuprayogi,अनूप्रयोगी
mahin,महीन
juye,जुए
bharni,भरणी
pichde,पिचडडे
modyuls,मोड्यु्स
datson,दत्सं
arya,आर्या
hippo,हिप्पो
kaagaj,कागज़
garjana,गरज़ना
laegi,लायी
tarkvaad,ता्कवाद
asphault,अस्फॉलट
hasinon,हसीनों
avi,एवि
tranjister,ट्रांजिस्ट
mathe,माथे
shakir,शाकीर
mahkane,महकाने
transistor,ट्रांसिस्ट
packagon,पैकागों
gomake,गोमेक
farmic,फारमिकक
mulchand,मूलचंद
tejaji,तेजाजी
radical,रेडिकल
greg,ग्रेग
kalmein,कलममें
alagavavad,अलगववदद
astik,अस्तिक
batalvi,बतललवी
vaigyanik,वैज्ञानिक
fatehgarh,फतेहगढ़
alind,अलिंड
dah,डाह
akram,अक्रम
machae,मछाई
luxor,लु््रर
stone,स्टोन
kundaliya,कुंडलिया
egmore,इग्मरर
riya,रिया
inhalation,इन्हलेशशन
chhura,छुड़ा
robinson,रॉबिंसन
kalapi,कलापी
nichaai,निचाई
haraval,हारवल
mahalon,महालों
gazi,गाडीी
agra,आग्र
angaarak,अंगारक
welder,वेल्डर
khalnayak,खानायकक
taobao,ताबाओ
vitthal,वित्ठल
ski,एसकीआई
noon,नूं
pastry,पास्त्रय
gajara,गजजरा
follow,फोलो
augustusti,अगस्टस्टिट
sanyojan,संयोजन
durghtna,दुर्घटना
lagataar,लगतारर
uplabdh,उपलबब्ध
pashtun,पश्टुन
nanaa,नना
kavvali,कावववाली
khaini,खैनी
laganewale,लगानेालेले
tughlaq,तुघलाक
nityaa,नित्या
amdi,आमडीी
palatne,पलटनने
manjila,मंजीला
asharaphi,अशाराफी
ralaud,रालौड
time,टाइम
jassee,जस्सी
naino,नैनो
shabana,शबना
manner,मैननर
regal,रेगल
kanthhar,कंठर
jealous,जीलस
sthulata,स्थूलता
parishad,परिशद
bhraanti,भ्रणंती
kankar,काककर
dinaank,दिनांक
liger,लाइजर
ladki,लड़की
shaao,शाओ
robin,रॉबिन
fodon,फोड़ों
aalochak,आलोचक
jajmau,जजमाू
tasir,तसीर
padamawati,पदममवती
sthitiyaan,स्थितियांं
thakkar,ठक्कर
barah,बााह
alayans,अलांस
roomani,रूमणी
foda,फोडा
lambi,लांबी
harna,हरना
chero,चेरो
asamanjasy,असमंजस्य
singhde,सिंघडे
shavakon,शावकों
gudna,गुडना
jivanshail,जीवनशशलल
catlin,कैटलिन
bhranti,भ्रांि
mamooli,मौूली
junoon,जूनू
vasearche,वेसेक्स
menon,मेनो
navaa,नवा
sabhasadon,सभासददों
aryika,आर्यिका
amadani,अमदनीी
updravi,उपद्रवी
mangi,मंगी
palmonari,पल्मोनरी
chaudhawan,चौद्वंन
hawamahal,हवामहाल
harem,हारै
adhyaynrat,अध्ययनतता
mejban,मेजबान
najriyon,नज़रियों
jenni,जन्नी
nirdharit,निर्धारित
mamuli,मामूली
praroop,प्ररूप
junagarh,जूनागढ़
gadkar,गडड़कर
nanhe,नन्हे
gayatri,गायतत्री
lanset,लैंसेट
taras,तारस
leaderon,लीडरों
lalkarta,लाकर्ता
tivoli,तिवोली
surinaam,सूरीनाम
aagaman,आगमन
milkiyat,मिल्कतत
pisa,पीसा
shararat,शरारतत
rajman,रजजमन
dhyeywadi,ध्याववादी
mhavidya,महाविद्य
muhavre,मुहावरे
trijata,त्रीजता
datsun,दत्सून
amitav,अमितवव
prardashan,प्रररदाशन
prakkathan,प्रक्टन
snickers,स्निकर्स
kaningham,कैनिंह
fadfadata,फड़फाााता
aashriton,आश्रितों
saga,सााा
samalakhaa,समलाखार
chachaji,चचचजी
belinda,बेलिंडा
gadadhar,गदाधार
pakhandi,पाखंडी
furti,फुरतती
sanchaari,संचारी
tahakhana,तहखनाा
maharaja,महराजा
anik,आनिक
jainon,जैनों
fact,फैक्ट
airway,एयरवे
lanchar,लांचर
pic,पिक
mukartey,मुकर्ते
pravatti,प्रव््ति
doordarsha,दूरदर्शा
jaidayal,जयदालल
devnaar,देवनार
jayalalith,जयललितत
praharak,प्रहराक
dadrewa,दद्रेव
chkkar,चिककर
ladte,लड़ते
lindn,लिंडन
ved,वेद
reson,रेसोन
dikhaaiye,दिखाइए
kanishthik,कानष्ठिकं
kanika,कणििका
lodi,लोडी
karur,करूर
devisingh,डेविसिंंह
bolane,बोलने
tughlakaba,तुघलाकाब
nikalani,निकाननी
lbada,लबडड़
ilaaj,इलाज़
prahlad,प्रह्ाद
naasar,नासर
boriwali,बोरिवाली
beemon,बीमोन
lahna,लहनना
dwaadas,द्वादस
jorhta,जोड़ता
shumaali,शुमाली
sandarbh,संदारभ
chhaati,छाती
punchang,पंचनग
katasaraj,कतससाजज
kabr,का्र
scanning,स्कैनिंग
usak,उसक
mauma,मौमा
ujback,अज्बॉक
canterbari,सैंटरबारी
janjaagran,जनजाग्रणण
hamal,हमलल
tarabganj,ताराबगं
sanskari,संस्कारी
babat,बबबत
tiwari,तिवाड़ी
lagnewale,लगनेवाले
bhogte,भोगते
chhahon,छाहों
mariyo,मररियो
mausa,मौसा
vardhman,वर्धमान
chhutne,छुटने
bagabani,बागाबनी
biji,बीजी
nichala,निचला
maurya,मौर्य
abbott,अब्बेट
kursiyon,कुर्सियों
mithai,मिठाई
mejbaan,मेजबान
purvabhaas,पूर्वाभास्
parikshaay,परीक्षाया
ajhar,अजारर
baapaa,बापा
swechha,स्वेच्छा
abbasi,आब्बासी
brajesh,ब्रजेश
jagayega,जगाएगा
kumau,कुमौऊ
besin,बेसीन
sisva,सिस्व
earth,ईर्थ
kathore,कथोरे
grenite,ग्रेनिट
unthak,उंठक
bona,बोना
sansthit,संस्थित
packageon,पैकाजनन
gujarte,गुजरते
anand,आनंद
pruf,प्रु
standhaari,स्तनधारियो
afroj,अफ्रोज
mold,मॉल्ड
shantikal,शांतिकाल
guman,गुमा
borkar,बोरकर
ladaaiyon,लड़ाइयों
mohani,मोहनीी
posta,पोस्टा
ganthon,गंंों
strokes,स्ट्रॉक्स
subhaay,सुभाय
aavishakaa,आविष्कार
loge,लोगे
raaj,राज़
mauley,मॉली
mukhyamant,मुख्यमंत
nahargadh,नहररढढ़़
rehana,रेहना
avaigyanic,अवैज्ञानिक
gypsy,जिप्सी
trijta,त्रिजता
theaters,थीटर्स
dikhaiye,दिखाइय
boliye,बोलिय
chupaty,चुपातयय
badhit,बध्ित
punter,पंटर
badh,बाध़
raidical,रैडिकल
rodolph,रोडाल्फ
bediyan,बेडियां
krantiyon,क्रांतियों
swaroopon,स्वरूपों
chee,ची
naukri,नौकरी
bhisham,भिश्म
shamitabh,शमिताभभ
dhandhaany,धंधान्य
samnvyak,समन्वकक
liberation,लाब्रेशश
pathyakram,पाठय्रममम
takra,टाराा
jalvayu,जलवायु
durdhara,दुरधराा
mukhopadhy,मुखोपाध्यो
jamati,जमतती
jaibaan,जयबान
bhareeye,भरीय
jatak,जटकक
clasen,क्लासन
katlary,का्लररी
anakon,अनाकों
thaharne,ठाहरने
jajaon,जज़ां
stanadhari,स्तनधारियो
pradhyapak,प्रध्यापकष
yatn,याटन
aradas,अरासस
dridh,द्रधध
aadaan,आदान
takravon,तकरावों
purvaabhaa,पूर्वाभाग
pagalaa,पगला
awaazen,आवाजें
anudit,अनुदित
charit,चरिट
pahani,पहनी
jalte,जलते
updravion,यपड्रवियों
naksalwaad,नकससवाद़
shrunkhla,श्रखला
kiratpur,किरपपुर
ijajat,इजाज़तत
jivraj,जीव्राज
bapa,बापा
dharmesh,धर्मेश
rollers,रॉलर्स
putliyon,पूटलियों
jeen,जीं
sanjivan,संजीवन
cement,सीमेंट
samanvayak,समन्वयकक
aagashe,आगाशे
najraane,नज़ाने
ashanka,आशंका
chandrabal,चं्रबबलल
rovan,रोवन
kapadi,कपड़ी
charon,चारों
watson,वात्सन
bhavishya,भविष्य
hemvati,हेमवाती
dhaatuyein,धातुयें
bewkufana,बेसकूफना
sanasthita,संस्थितता
vividh,विविध
sadanand,सदांंद
wadiyon,वाडियों
himali,हिमाली
nemo,नेमो
pahanate,पहनते
baini,बैनी
cpm,सीपीएम
rishicool,रिशिकूल
ghumakkdon,घुमाककदों
samshayon,समशायों
bakayon,बकायों
jutee,जुती
udana,उड़ना
sweet,स्वीट
mehkane,महकाने
attahasa,अत्ासा
akhand,अखंड
angarh,अंगऱ
satane,सतने
adhivas,अधिवास
judae,जुड़ाई
kamottejna,कमोत्तजन
vedon,वेदों
mosad,मोसाद
jaghaega,जगाएगा
lebalon,लेबालं
gujarna,गुजरना
agsta,अग्स्ा
bharane,भऱे
prathmiki,प्राममिकी
shamadan,शमादन
bodraa,बोद्रा
fawaare,फवारे
jayalalita,जयललिता
farms,फर्््स
avantipur,अवंतीपुर
visheshadh,विशेषाधधतत
soya,सोया
singhade,सिंघडडे
sunega,सुनेगा
uniyal,यूनियल
charchaon,चर्चांं
ishita,इशिता
khayen,खायें
anawashyak,अनावश्यकक
oceanic,ऑकिनिकक
gandaki,गंडकी
saima,साइमा
pehnakar,पहनाकार
funding,फंडडिंग
pakaayen,पकायं
raith,रैथ
dhoondhata,ढूंधता
nirdeshika,निर्देशिका
ovum,ओवमम
juber,ज्बबर
sanyukta,संयुक्त
orian,ओरियनन
anchahe,अंचहे
alankaron,अलंकरों
joint,जॉइंट
wireless,वायरलेस
dhamkaataa,धमकाता
mejbani,मेजबानी
vise,वाज
johnson,जॉन्सन
simat,सीमात
prativadi,प्रतिवादी
ipc,आईपीसी
sapramaan,सप्रमाण
maori,मारी
avaigyanik,अवैज्ञानिक
rp,आरपी
bramad,ब्रमद
avishvasni,अविश्वासनी
bhabar,भाबर
putliyan,पूटलियां
prabodhini,प्रबोधिनि
haito,हैटो
fefada,फेफड़ा
fatama,फतमम
shat,शत
pehni,पहनी
bhulon,भूलों
bandage,बैंडेज
anhoni,अन्हनी
asvabhavik,अस्वाभाविक
masoor,मसूर
bhengapan,भेंगापन
nageene,नागीन
dharak,धराक
adhiwas,अधिवास
nano,ननोो
shujat,शुजात
karyabhar,कार्यभारा
khajrana,खजराना
bahroopiya,बारोपियाा
jamaeya,जमाईय
chandana,चंडना
pages,पेज्स
mehaman,मेहमान
morya,मोर्ा
chitrkar,चित्रकार
rana,राना
bodra,बोद्रा
trott,ट्रोट
dilaye,दिलाए
ramkot,रामकोत
jaaunch,जांच
chand,चांड
kumawat,कुमावट
chatagaon,चटगाों
baani,बानी
ninties,निंटीज
ali,एली
jitod,जितोड़
tikamgarh,तीकामगढ़
abhishap,अभिशप
dhak,ढक
quete,क्वेट
lte,लाटी
cigaretton,सिगरेटटन
jajmauu,जजमाऊ
bevkufana,बेवकूफना
nikaalani,निकालनी
jwar,ज्वर
nagrik,नागरिक
shbana,शबाना
naksaliyon,नकसलििोों
bhookhi,भूखी
kusumalata,कुसुमाला
mysore,मैसरर
sudip,सुदीप
phogat,फोगत
neto,नेटो
dhokebaaj,धोकेबाज
sohaval,सोहवलल
bhagane,भागने
taaza,ताजा
pakayen,पकाएं
spear,स्पियर
wise,वाज
vardhmaan,वर्धमान
kazi,काजी
liberation,लिबेरेशन
aastik,आस्तिक
aake,आके
sajja,सज्जा
tahkhana,तहखाना
gopichand,गोपीचंद
batlaakar,बतलाकर
pummy,प्मी
cradle,क्रेडल
niptaara,निपटारा
narbhakshi,नरभभ्षि
sujain,सुजाई
pakshpat,पा्षपपत
badhaati,बढ़ाती
cateline,कैटलानन
bravo,ब्रेवो
padaraunaa,पदराौणां
aurora,औरोरा
qasim,कैसिम
caitlyn,कैटलीन
bulao,बुलाओ
sharabon,शराबों
jaden,जड़ें
gayen,गायें
farsi,फर्सी
adharit,अधारित
fandon,फैंडों
biswa,बिस्व
aviral,एविरल
ekaee,इकाई
symons,सिममस
badli,बदली
mahavishnu,महाविश्नुा
talvon,तलवों
dikhayi,दिखायी
besil,बेसिल
vidhaaein,विधाएं
proud,प्रोउड
pharma,फरमा
paratroope,परततूपित
traip,ट्रैपप
spry,स्पीआरी
hindon,हिंदों
handiyaa,हंडडिया
kabaddi,कबडड़ीी
susanskrit,सससंस्कृत
luis,लुज
poshit,पोशित
neelaabh,नीलाभ
ghabrahat,घबराहट
prativaad,प्रतिवाद
ikaiyon,इकाइयों
namkeen,नमकीन
dhndhe,धचधे
sandarbhon,संदारभों
kankad,कंकडड
khariya,खारिया
fisla,फिस्ला
mta,एममए
jaayke,जायके
oran,ओरन
tarafa,तररफा
udaane,उड़ने
jalesar,जालेसर
samadjiyon,समदजीयोंं
senvai,सेंवा
lagega,लगेगा
jood,जूड
vaadak,वादक
marrej,मररज
darp,डर्प
taul,टाल
susanskrut,सुसंस्कृत
vidhut,विद्युत
kapolkalpa,कपोलकल्पप
granthiyaa,ग्रंथियां
avsthayen,अवस्थाएं
advait,एडवैत
pilot,पिलोट
ganapati,गणपपी
theateron,थीटररों
niki,निकी
dabi,दबी
idol,आडडल
dungerpur,डुंगरपुर
chandu,चांदू
media,मेडिया
udaanen,उदानें
catholicon,कैथलिकॉं
mood,मूद
tarash,तराश
devnar,देवनार
chhupkr,छुपकर
mahamantr,महामंत्र
tonic,टोनिक
jaatakon,जातकों
pravati,प्रव्ति
bago,बागो
mud,मुद़
atwal,अत्वल
divya,दीव्य
sitaharan,सिताहरण
vaimanasya,वैमना्यत
prashikshu,प्रशिक्षणण
paradheen,पराधीन
bandhte,बांधते
ambani,अमबबनी
dhiryavan,धीर्यवन
siyaha,सियाहा
sealed,सीलेड
registani,रेजिस्टेनी
bhrantiyan,भ्रांियां
brant,ब्रेंट
fulae,फुलाई
bharatnaty,भारतनात्यय
sanghanit,संघनित
thenga,ठेंगा
mumba,मुंबा
aalochakon,आलोचकों
fermion,फर्ियन
aavritti,आवृत्ति
jh,ऐ
supachya,सुपच्षय
bandhate,बांधते
amanth,अमांत
billaa,बिल्ला
mundwa,मुंडडा
pendulum,पेंडुलुम
buzy,बुजी
maulviyon,मौलवियों
duke,डूके
vartmaan,वार्तमान
tired,तिरेदड
amrohi,अमरोही
vyvhargat,व्यवाागतत
prahaarak,प्रहारकक
eater,ईटर
sensing,सेंसिंग
sachidanan,सचिदाननं
gujara,गुजराा
jatakon,जटककों
bhay,भय
ukhrul,उखरुल
agyat,अज्ञात
narm,नर्म
jalgati,जलगतती
nikalni,निकानी
shin,शीन
bahuly,बहुल्य
bauni,बौनी
shringaar,श्रृंगार
bounceron,बाउंसरों
apardarshi,अपरदर्शीता
urff,अर्फ
padmavati,पद्मावती
hingis,हिंगिस
harvansh,हर्वंश
khyber,खाबबर
pahnakar,पहनाकार
rigal,रिगल
nirdhaarit,निर्धारित
herald,हिराल्ड
arth,आर्थ
telon,टेलों
hiraganj,हिरागंज
awaru,आवाुू
nitya,नित्य
sachhidana,सश्छीदान
sabah,साबह
reja,रेजा
bisva,बिस्वा
ishara,इशााा
simtataa,सीमटतता
moshe,मोसे
teji,तेज़ी
gosvaami,गोस्वामी
prekshakon,प्रेक्षकों
lalkarata,ललकरतता
equador,एक्वाडोर
mitao,मिटाओ
maryadaon,मर्यदाओं
vareinye,वररैनी
sarhind,सरहिंद
vishwasani,विश्वासीी
asurakshit,असुरक्षित
vipra,विप्र
jiwan,जीवान
vichaarako,विचारकों
ear,इयर
sarkaa,सरका
bagali,बगाली
namkin,नमकीन
bhookh,भूख
ashriton,अश्रितों
dabhoi,दभभई
usmein,उस्में
chaktte,चक्तते
parosne,परोसने
bhraant,भ्रंतत
data,डाटा
pakshapat,पक्षपपत
theateron,थीटररं
men,मेन
agr,एज्र
chandan,चंडन
banam,बनाम
anant,अनंत
arjent,अर्जेंट
pataakshep,पताक्षेप
sk,एस्की
misha,मिशा
karyrat,करर्रात
mahasingh,महासिंह
nandanvan,नंदनवन
neco,नेकोओ
falata,फलता
routing,राउटिंग
manjilein,मंजीलेें
daaw,दाव
stra,स्ट्रा
samvedikar,संवेदीकरण
samjhungaa,समझंगा
bageechi,बगीची
kasim,कससिम
bechkar,बेचकर
sliders,स्लाइडर्स
jgayegaa,जगायगा
ehsas,एहसास
chhah,छाह
devaapur,देवापुर
purple,पर्पलल
hegde,हेगडे
bhupsingh,भूपसिंह
chhupta,छुप्ता
jeevniyaan,जीवनियां
shipra,शिप्र
pipli,पीपली
jodiyon,जोड़ियों
tarabai,तराबाई
laata,लाता
sanchar,संचर
wastinghou,वास्टिंहों
virchand,विरचंद
mashrak,मश्रक
santati,संंतती
kamjor,कमजोर
tyoihar,त्योहार
locket,लॉकेट
paathshaal,पाठशाला
chrome,क्रोम
vicharakon,विचारकों
khaein,खांं
hostess,हॉस्टेस
khanikarmi,खानिका्मिय
dwivedi,द्विवेदी
samprti,समप््ति
taja,ताजा
manzilein,मंजीलेें
siera,सियरा
lati,लाटी
bahrupiya,बहरुपिया
mulon,मूलों
abbott,अब्बेट
sthul,स्थूल
daakhile,दाखिले
pahlaa,पहला
uplakshay,उपलक्षाय
bosan,बोसन
panapnaa,पनप्ना
westinghou,वेस्टींघो
tantra,तंत्र
dhaga,ढााा
yugm,यॉग्म
pisai,पिसाई
mahlon,महलों
gulshan,गुलशान
nischal,निस्चल
sudhargruh,सुधार्रहही
ishaaq,इसाक
dubaana,दुबाना
ukranian,यूक्रेनियन
gruhnagar,गृहणगर
byaawa,ब्याव
bheera,भीरा
gidgidate,गिडगीडते
tughlaqaba,तुघलाकाब
nicky,निकीी
pulmonary,पलल्मोरीी
seti,सेती
nazraane,नज़ाने
amuk,आमूक
haqeeqat,हकीकत
libration,लाइब्ेेशन
jacks,जैक्स
form,फोर्म
emil,एमिल
bantne,बांनने
babt,बब््
emerald,इमरलल्ड
picking,पिकिंग
sthiti,स्थिति
akapulko,अकापुलको
dhuriyaa,धुरिया
version,व््ििन
putli,पूटली
ijaajat,इजाजात
pik,पिक
sneakers,स्नीकर्स
dhakal,ढकलल
jain,जैन
csi,सीएसआईई
byrun,ब्रून
aajmaanaa,आजमाना
semin,सेमिन
raghupati,रघुपती
maisor,मैसर
nevedya,नेवेद्य
dubana,दूबना
chandon,चंदों
advaitvaad,अदवविवाद
tension,टेंसन
sargana,सरगना
nikalogi,निकललगी
formulae,फॉर्मूला
masaledar,मसालेदार
karanj,करंज
kolorado,कोलोररों
abaru,आबारू
weeks,विक्स
acapulco,आकापुलो
rupi,रुपी
bahuchara,बहुचरा
jamana,जमनना
mahajan,महाजन
opel,ओपल
dukhit,दूखित
dhale,ढाले
corolla,कोरलला
jai,जा
achchi,अच्छी
tahkhaana,तहखाना
bharakaya,भारकाया
mangni,मंगनी
kanal,कानाल
vaishnodev,वैश्नोद्व
supachye,सुपच्श
ilaichi,इलाईची
picture,पिक्टर
kshitij,क्षितिज
paheliyaan,पहेलियां
dukaanon,दुकानों
fransiska,फ्रांसिस्ा
jalbharav,जलभारव
crick,क्रीक
saltnat,सैल्टनट
ghoonsa,घूंस
vaisaakh,वैसाख
tapoowo,टैपूव
pide,पीड़
pied,पीडड
taapmaanon,तापमानों
cubes,क्यूस
lycopene,लिइकॉन
jaagriti,जाग्ित
prapta,प्राप्त
chhure,छुडे
jajon,जजजों
items,आइट्म्स
dhaari,धारी
brighton,ब्रिइटटं
maange,मांगे
bk,बीके
kahane,कहाने
channa,चनना
uzbek,उज़बबक
guthalidar,गुठलीदारी
desai,देसई
vladimir,व्लादीमीर
balty,बाल्टी
farse,फर्े
pran,प्राण
vediyon,वेदियों
rajasva,राजस्ा
rate,रेत
polymer,पॉलीमर
daravani,दरावानी
sasakon,ससाकों
sanchari,संचारी
bajuon,बजूओं
jasmit,जस्मित
chipkane,चिपकाने
shutting,शटटटिंग
bisavan,बिसवान
tantr,तंत्र
mango,मंगों
rangate,रंगते
vigyan,विज्ञान
kalmen,कलमेें
fode,फोड़
asmanye,अस्मानय
barhad,बरहद
asamany,असामान्यय
ftii,फ्टीआई
nori,नोरी
anthak,अंथक
char,चार
godara,गोदारा
vaimanasy,वैमनस्य
dhakaal,ढकाल
trimasik,त्रिमासिक
shamil,शामिल
nitiyon,नीतियों
nehra,नेहरा
soma,सोमा
bazi,बाजी
chatgaon,चटगावव
chanan,चनन
beast,बिअ्ट
atta,आटाा
koot,कूट
teekon,टीकों
baitool,बैटलल
mavey,माव
bhaskar,भसस्कर
slice,स्लिस
chalit,चलित
help,हेल्प
tarkon,तर्कों
jerusalem,जररससेम
ro,रो
sfurti,स्फूर्ती
palari,पालरी
daak,दाक
janaganna,जनगग्ना
najariyon,नज़रियों
obrayan,ऑब्रियन
saptpadi,सप्तपपदी
beaulad,ब्लूलड
tuth,टूथ
dhuan,धुंन
peg,पेग
patkathaay,पटकथायं
submit,सबममिट
udghosh,उद्घोष
kapdi,कपड़ी
parafin,पराफीन
shahdara,शाहदाा
vaigyaanik,वैज्ञानिकक
venkataram,वेंकटरमण
bhate,भाते
sandrbhon,संद्रभों
mehamaan,मेहमान
julahon,जुलाहं
janam,जन्म
kathai,कठाई
farhin,फरहीं
bung,बूग
kagaz,कागज़
judaai,जुड़ाई
baadhaon,बाधाओं
fransisko,फ्रांसिसको
racketeer,राकेटीर
sube,सबबे
salib,सलीबब
jeremy,ज्रेमी
kathor,कथोऱ
likhakar,लिखाकर
aayenge,आयंगे
jerry,जररी
sapraman,सप्रमणण
uthaapatak,उठापतकोंं
salve,साल्व
vahikayen,वाहिकाएं
khaastaur,खासतौर
davidson,डेविड्सन
charge,चॉर्ज
mahinon,महिनों
aulakh,औलखख
pagla,पगला
urfa,ऊर्फा
erika,एरिका
budwig,बुड़विग
raktaabh,रक्तभ
davey,डववे
nilaabh,निलाभ
balti,बालती
vashikaran,वाषीककरण
fatane,फटने
nidhan,निधन
jivan,जीवन
feka,फेका
rojvelt,रोजववलल्ट
salary,सैलायी
mardani,मर्दानी
jeeyo,जीयो
abvp,एबवीप
thakkr,ठक्कर
joddta,जोड़ता
uthakar,उठकरर
jeewan,जीवान
jokhim,जोखिम
chaplusi,चाललूसी
ghataayaa,घटाया
matpatron,मतपपत्ोों
tankar,टांकर
sanskritiy,संस्कृतियो
anavshyak,आनावश्यक
chhapemar,छापममर
tuberculos,ट्यूबरसोज
teer,तीर
maid,मैद
vidyaayein,विद्यायें
box,बॉक्स
nokri,नोकरी
andrabee,अंद्रबी
generat,जनरेट
adain,अडैन
reza,रेजा
utaney,उतने
matsyendra,मा्सयंद्रर
bhumi,भूमि
reshey,रेशे
claris,क्लारिस
lakhkhi,लख्खी
vaimanya,वैमन्य
shravani,श्रवननी
chhetthri,छेत्ठर
aajmana,आजमाना
shaili,शैली
alance,एलेंस
aashanka,आशंका
superhit,सुपरहहित
phoos,फूस
mejbaani,मेजबानी
chanval,चांवल
adwait,एडवैत
katlari,कत्लारी
khajarana,खजरानाा
jununi,जुनुनी
samuels,सैमूय््स
down,डॉउन
aryma,आर्यमा
zamana,ज़ाना
ganthe,गंंे
ganthen,गंंें
bare,बाडे
sudhaargra,सुधारग्रर
gowmutra,गोमुत्र
aamdi,आमडीी
ginte,गिंते
sahakalaak,सहकालक
khinchkar,खींचकार
adad,आदाद
damle,डमले
tonga,टोनगा
mass,मास
anishwarwa,अनिश्वर्वा
select,सेलेक्ट
brok,ब्रॉक
associatio,एसोसिएशन
fuji,फूजी
lajjalu,ला्जलल
jasmeet,जस्मीत
amy,आम्य
sund,सूंड
raghavan,रघ़ान
devidson,डिविड्न
maason,मासों
kamere,कमेरे
angadh,अंगदध
padhata,पढ़ता
birth,बर्थ
apavartit,अपवर्तित
ripan,रिपा
ustara,उस्तरा
dubana,दूबना
dikhaai,दिखाई
wayna,वायना
favvaron,फवववरों
jaddit,जड्दत
maisachuse,मैसाचुसेश
baniya,बनीया
girijaghar,गिरिजाघर
nuskhe,नु््े
nihlaani,निहलानी
agende,अगेंडे
astar,अस्तर
ghummakkad,घुम्मक्कढ
naraingarh,नररैंगढ़
kpo,कीपीओ
consultant,कंसलटेंट
bahamaas,बहमास
wonder,वंडर
ank,एंक
parleron,पार्लरों
nations,नेशंस
patakkar,पटककार
naksal,नकसाल
prarup,प्ररूप
jwaron,ज्वारों
sunasir,सुनासिर
composer,कं्पसर
khaen,खांं
kahlaya,कहलाया
baramde,बरामदे
padhaataa,पढ़ताा
durniti,दूर्णिति
hathiya,हथिया
galgand,गैंगंड
jyotiba,ज्योतीबा
rounder,रुंडरर
vigyanon,विज्ञानों
dabhra,दभररा
tivolee,तिवोली
aadhaarit,आधारित
roots,रुट्स
jaine,जईने
sanshayon,संशययों
hupper,हुपर
gsm,जीएमम
suneeti,सुनीती
soond,सूंद
vanita,वानीता
varna,वर्न
scala,स्केला
badhayi,बधधायी
neta,नेता
hui,हुई
haalchaal,हालचाल
talbagaar,तलबागार
apaardarsh,अपारद्शिय
mode,मोड
thaile,थाइल
sankhyayen,संख्याएं
nabz,नब्ज
iter,आइटर
jaiban,जैबन
pace,पेस
dadari,ददारी
rudolf,रूडलल्फ
simatataa,सिमतताा
sanyogvash,संयोगवाशत
priyamani,प्रियमणीी
udanen,उड़नें
eddi,ईड्डी
yatraein,यथ््राएं
jha,झा
tambe,तांबे
pehnate,पहनाते
prashaasan,प्रशासन
chatushkon,चतुस्कों
tenis,टेनिस
jaawar,जावर
pendulam,पेंदुलाम
sapney,सपने
modern,मॉडर्न
agashe,अगाशे
denevali,देनेवाली
el,एल
swikarte,स्वीकारते
chithhi,चीठीी
varshan,वर्षण
phalata,फलता
jenny,जेनी
juti,जूती
khand,खंड
tansen,तासें
ot,ओटी
prayasarat,प्रयस्ता
pilepan,पीलेपन
gr,ग्र
thirty,थ््टी
siddhvat,सिद्धवतत
betul,बेटुल
shanivar,शाणिवरर
saleeb,सलीब
shrart,श्ररतत
nna,ननएएएए
advivas,अद्विवस
dastaanaa,दस्ताना
jaat,जात
pipraa,पिपरा
barsaataa,बरसाता
asan,असन
parva,पर्व
amjhera,अमजहरा
swarthpara,स्वार्थपर्
jhankana,झंकाना
motive,म्टिव
piyegaa,पीइगाा
purvaabhas,पूर्वाभासी
vibhajak,विभाजक
pratishat,प्रतिषतत
kurmi,कुर्मी
bowling,बोलिंग
paim,पैमम
robertsan,रॉबर्ट्सन
pinta,पींटा
theatron,थीत्रों
samanjasy,समांज्य
amit,एमिट
deshkal,देशकाल
aakhet,आखेत
pachaataa,पछाता
paraffin,परफफीन
risne,रिसने
yari,यारी
hafate,हफतते
lootmaar,लूटममर
songs,सांग््स
prtigyaa,प्रतिज्ञा
avranta,अवरंतत
kankad,कंकडड़
moolar,मूलर
batlaye,बतलाे
mahanatam,महानतम
harshit,हर्शित
juloos,जुलूस
tirupati,तिरुपति
alnkaron,अलंकरों
ekthi,इक्ठी
harijan,हरीजन
sargi,सार्ी
junagadh,जूनागढ़
soharai,सोहराई
daglas,दगलास
dukke,दुक्के
sthitiyan,स्थितियां
chuka,चूका
chheter,छेट्र
bhavnaon,भावनाओं
kaylana,कायलना
suchak,सूचक
kamau,कमाऊ
mohim,मोहिम
jaino,जैनों
gemhagehmi,जेमहाजेमीर
chhallaa,छल्ला
vyaktigat,व्यक्तिगत
lahalhati,लहह्ाटी
uda,उड़ा
bawara,बावाााा
patrani,पत्रणी
chennai,चेनीाई
jad,जाद
avaru,अवरू
alnkaar,अलंकार
bangsh,बंगंश
panama,पनमाा
paheliyan,पहेलियां
denewaali,देनेवाली
chidchidap,चिड़चिडापा
janahani,जनानी
avirl,एविर्ल
dinank,दिनांक
pujapath,पूजापठठ
paraadhin,पराधीन
stop,स्टॉप
shmadan,शमदान
vajood,वाजूद
sanbharnt,संभारंत
aerobics,एरोबिक्स
pailot,पैलोट
niya,निया
janch,जांच
dikhayin,दिखायीं
chhootane,छूटने
sparivar,स्परिवार
putla,पूतला
vipreetata,विप्रीतता
updraviyon,उपद्रवियों
madhupur,माुपुर
prahsan,प्रससन
moolchand,मूलचंद
entone,इंटोन
pierson,पियर्सन
sahooliyat,सहूलियततो
heeraganj,हीरागंज
kisanon,किसनों
pr,पीआी
bhira,भीरा
rihanna,रिहनना
koling,कोलिंग
welwet,वेल्टट
physician,फिजिशियन
wajood,वाजद
ikarion,इकारियं
aanand,आंंद
ahirauli,अहिरौली
algavwaadi,आल्गावादीी
tapakti,तपकती
bhadkaayaa,भड़काया
denewali,देनेवाली
refeli,रेफेली
kanyayen,कन्यययं
suction,सक्शन
ghasi,घससी
anyaya,अन्याय
lindan,लिंदन
bhulata,भूलाता
madaura,मदौरा
rishte,रिश्ते
dhaaga,ढागा
suriname,सररिनमम
ahyan,आह्वान
dam,डम
brigadier,ब्रिगाडिर
bull,बुल
marvad,मारवाड
tani,तानी
sonu,सोनु
vinit,विनीत
gaytri,गायत्री
danga,डंगा
water,वाटर
vaishakh,वैश्ख
ditaa,दीता
bhuswami,भूस्वामी
sphoorti,स्पूर्ति
ulahna,उलाहना
najarandaa,नज़अंदाज़
galaxyon,गैल््सशों
paathyakra,पाठ्यरररर
bang,बंगग
bhugta,भुगता
chikitsako,चिकित्सकों
vibhram,विभ्रा
pick,पिक
vatanukula,वातानुकूलि
failaaiye,फैलाइय
maanga,मांगा
gthalidar,गंललददार
farth,फर्थ
bichhuaa,बिछुआा
ishaaraa,इशारा
britain,ब्रिटेन
julaahon,जुलाहों
atakta,अतकता
chor,चोर
dav,डीव
hindan,हिंदन
talabgar,तालागार
mave,मावे
pratiyon,प्रतियों
dharmnath,धर्मनाथ
hoshangaba,होशंगाबा
snikarse,स्निकार्स
lengdan,लेंगडन
amaanati,अमानती
parikhaen,परीक्एं
damoh,दमोह
rasayanik,रसायनिक
formuley,फॉर्मूली
rabha,राभा
ghuman,घूमन
samoaa,समोआ
baitul,बैटुल
samaadhaan,समाधानक
sipah,सिपाह
kanishtika,कान्ष्तिका
rawail,रवाल
tir,तिर
kav,काव
atake,आटेके
helper,हेल्पर
asaamnjsy,असामनजसय
chhuraa,छुड़ा
taboo,टाबू
thaanvi,ठानवी
malish,मालिश
lenevali,लेनेवाली
vruton,वृतों
maxico,मैक्सिको
lti,लीटी
niveshkart,निवेशकार्त
pulse,पुल्स
andreas,एंड्रिज
addi,आड्डी
chhaviyan,छववियां
refaeli,रेफालली
radhe,राधे
sinabang,सिनंबंग
amanathi,अमनाथी
suken,सूकें
tenin,टेनिन
fortis,फॉर्टिस
angkor,आंगकोर
sandhan,संधन
jaunch,जौंच
harpal,हर्पल
mahasinh,महासिंह
kahaniyon,कहानियों
nabja,नब्जा
aj,अज
main,मां
colon,कललं
bagli,बगली
tanish,तनीश
saathsaath,साठसाथ्थ
scootaron,स्कूटरों
fodaa,फोड़ा
udhrva,उध्रव
perafin,परराफिन
padmawati,पद्मावती
elaichi,इलैची
tarch,तर्च
girati,गिराती
avuti,आवूती
asian,एसियाई
deputy,डिप्टी
sawaal,सवाल
dukanon,दुकानों
sulkhan,सुल्खा
nayak,नायक
sharmana,शर्मना
utne,उतने
boliae,बोलियाई
sweta,स्वेटा
azhar,अजार
swaarthpar,स्वार्थपरर
bakaul,बकालल
vesle,वेस्ले
khaibar,खैबर
brijesh,ब्जेेश
higman,हिगममन
sametati,समेटती
ghanakar,घनाकर
aprihary,अप्रिराय
chadaron,चड़ारों
maajin,माजीन
edan,इडन
pearson,पीर्सन
jagaega,जगाएगा
francisca,फ्रांसिस्क
alochakon,अलोचकों
dhaarak,धारक
maap,माप
dhamma,धम्मा
langar,लंगर
kushaan,कुशान
bodara,बोदारा
favvare,फववारे
ikhrul,इखरुल
rabin,रबीन
venkatrama,वेंकटरमण
sarkaron,सरकारों
samahaar,समहारर
sapaat,सपतत
aarya,आर्या
sikar,सिकर
wanon,वनों
naam,नाम
chehon,चेहों
chithrkar,चित्रकार
algavvadi,आग्गावादीी
dabhara,दभभाा
mhamantra,महामंत्र
lootmar,लूटमार
mas,मास
shaishav,शैश्व
rampur,रामपुर
scaining,स्केनिंगग
kakkad,कक्कड़
pizza,पिज़्ााा
runners,रननर्स
gandki,गंडकी
sarsa,सरसा
pardesi,परदेसी
hong,होनक
ikai,इकाई
galaxiyon,गैल्सियों
coldvel,कॉल्डवल
barpaya,बरपपा
sarkaren,सरकारें
vidhansabh,विधांसभभा
aakash,आकाश
taahi,ताही
huppar,हुप्प
munaf,मूनफ
cadmium,कैडमियम
jvar,ज्वा
simi,सीमी
angarak,अंगरक
nauu,नौऊ
baljit,बल्जित
akhet,अखेत
anupryogon,अनुप्रोगों
plus,प्लस
alps,आल्प्स
fabti,फबतती
ropne,रोपने
navjagran,नवजाग्रण
nadsa,नडसस
prativad,प्रतिवाद
yashpal,यास्पल
baalti,बाल्ती
vaahikayen,वाहिकाएं
navanagar,नवनगगर
sunaseer,सुनासी
sapatey,सपते
surinama,सूरीनामा
bahaav,बहाव
thengaa,ठेंगा
najibabaad,नजीीबाबाद
singhi,सिंही
jaybaan,जयबान
ranapur,राणापुर
chuka,चूका
rambharose,रामभरोसे
tip,टीप
kalika,कालिका
harawal,हरावल
jamuai,ज़ूूूई
kusumlata,कुसुमलता
girkar,गिरकार
labeling,लेबलिंग
bahawalpur,बहवालपुर
kamaljeet,कमलजीत
velur,वेलूर
soccer,सॉसर
very,वेरी
shriram,श्रीराम
amargarh,आमरगढ़
lata,लाा
audyogikar,औद्यीककरण
sierra,सियरा
sahdev,सहदेव
rajinama,राजीनामा
theinga,ठेंगा
abbaasi,अब्बासी
chatunshko,चतुनसशकों
navketan,नवकेतन
hardas,हरदसस
dhandhany,धनधान्य
anyay,अन्याय
winter,विंटर
order,ऑर्डर
eddy,ईडी
badhata,बढ़ता
faaf,फाफ
chhati,छतटी
trabal,ट्रेबल
shud,शुड
banvaa,बनवा
pihaani,पिहानी
tanbe,टांबे
dipan,दीपान
gin,गिन
bhaya,भाया
anyaay,अन्याय
ayodhyanat,अयोद्यनाथथ
barasingha,बरससिंहह
raatrichar,रात्रचारा
jogging,जॉगिंग
dolane,डोलेन
jayadayal,जयदालल
amarpaal,अमर्ाल
aakaash,आकाश
talbagar,तलबागार
pajej,पजेज
damale,दमाले
suljayi,सुलज़यी
zulmon,जुल्मों
pardesiyon,पर्डेसियों
yudhrat,युद्ध्त
sarjuga,सर्ूगा
lenewali,लेनेवाली
bhaunho,भौन्हों
saja,सजा
gatishilat,गतिशिलतता
bimon,भीमोन
chhabi,छाबी
racing,रेसिंग
maariyo,मारियो
banva,बनवा
vishhin,विशिन
amarohi,अमरोही
swaachaali,स्वाचालक
bheed,भीड़
puranpur,पुरणपुर
raubdar,रौबदार
dampati,दं्पति
robin,रॉबिन
nelson,न्ल्सन
lapetane,लपेटने
falitarth,फलीतर्थ्थ
frost,फ्रॉस्ट
farmion,फारमियों
bosten,बोस्टे
maule,मॉल
pathykramo,पाठ्यक्रमो
shrikar,श्रीकार
jeera,जीरा
thailee,थैली
vineet,विनीत
mejban,मेजबान
prathamik,प्रथमिक
pahno,पहनो
ajmeedh,अजमीद्ध
jiniva,जिनिवा
kanblon,कांबलों
kaivelari,कैवेलारी
pmch,पीएचच
peranormal,परराररमंल
ainthey,ऐंठे
fawaara,फवारा
jaanam,जानम
navdha,नवधा
narmi,नर्मी
maarvaad,मारवाद
kinote,किनोट
dharmraj,धर्मराज
jhankna,झाकना
udaa,उड़ा
ghise,घिसे
chikitsak,चिकित्सक
rantle,रांटल
aadheen,आधीन
programmer,प्रोग्रामर
simmy,सिमी
amogh,अमोध
dhokebaj,धोकेबाज
karnataka,कर्णतका
module,मोडुले
rihana,रिहाा
pushkin,पुष्किण
maine,मैने
sanskaari,संस्कारी
roosevelt,रूस्वेल्ट
deshke,देशके
bharakaaya,भारकाया
sarka,सरकाा
charcha,चर्चा
racer,रेसर
devi,देवी
nineteez,निनेतीज
tahi,ताही
dyeyvadi,द्ययवादी
chhink,छिंक
phus,फूस
okalahoma,ओकलाहोमा
saturday,सतुरदाय
muhavare,मुहावरे
kardhe,कर्धे
fund,फंंड
badha,बाधा
majin,मजीन
nihlani,निहलानी
piky,पिकी
falibhoot,फलिभूत
kihatkati,किहतकाटी
bakuu,बकूऊ
navvadhu,नववाधु
borivali,बोरीवाली
heroes,हिरॉइस
bholi,भोली
nanhein,नन्हें
prapti,प्रपप्ति
prakriya,प्रक्रिया
bhogatey,भोगते
bagd,बागद़
udan,उड़न
dabholkar,दबभललकर
francisco,फ्रांसिस्क
gahmagahmi,गहमागहममी
avru,आवरुु
dalbadl,दलबब्ल
swecha,स्वेच्च
january,जैनारी
basil,बेसिल
queens,क्वींस
deonar,डेयनरर
avshisht,अवशिष्ट
rigs,रिग्स
putin,पूटिन
racreation,रैररिएशनन
venezuela,वेनेजुला
naukari,नौकरी
gerome,जेरोम
arabab,अरबबब
bavji,बावजी
parikalpit,परिक्््ित
sultana,सुल्ताना
kacche,कच्चे
vastvik,वास्तविक
virajati,विराजतती
gandh,गांध
jean,जेन
pythagoras,प्यतागररस
kamate,कमते
pengolin,पेंगोलिन
lives,लाव्स
banu,बानू
test,टेस्ट
badhotari,बधधोतरीी
tuglakabad,तुगलाकाद
raubadar,रौबादार
ankhon,अंखों
dikhai,दिखाई
antoni,अंटोनी
navvadhoo,नव्ाधो
maulvidon,मौलविदों
allergic,एलर्गिक
yatna,यतनाा
kamatar,कमटर
franciska,फ्रैंसिस्क
samoa,समोआ
manchiy,माचचीय
vatar,वाटर
chrom,क्रोम
angrzi,अंग्रजी
maddy,मैडी
boliy,बोलीय
jatara,जततराा
caolan,कॉलन
baarahamaa,बारहमानी
uttara,उत्तराा
jiya,जीया
gujarana,गुजराना
putlaa,पूतला
aadharit,आधारित
sabhaein,सभाएं
andheri,अंधेरी
ret,रेट
barpaayaa,बरपपाया
anuprayogo,अनुप्रयोगो
udane,उड़ने
baraat,बरात
bharne,भरने
domenic,डोमेनिक
rakhe,रखें
kalpnaon,कल््नाओं
singaar,सिंगार
antmurkh,अंतमुर्ख
daakhil,दाखििल
chhinke,छिंके
landara,लांडराा
dikhlaa,दिखला
bangbhang,बंगभभंग
khanikarma,खनिकक््मण
uchhalne,उछानने
vash,वाश
aawajen,आवाजें
baago,बागो
sarganaon,सरगनाओं
chhetri,छेत्री
toka,टोका
ludhakate,लुढ़कते
jayke,जायके
dikhayi,दिखाईी
boston,बॉ््टन
muth,मूथ
vidhansabh,विधानसभाओ
killi,किल्ली
prapaton,प्रपतों
shao,शाओ
patiyaa,पटिया
jalvaayu,जलवायु
tikon,टीकों
chadar,चाडरर
chadron,चड्रों
jvaaron,ज्वारों
offshor,ऑफ्शोर
panter,पेंटर
alphabet,अल्फबेट
taaja,ताजा
uthne,उठने
adhiik,आधिक
bangbandhu,बंगबंधि
haarjeet,हारजीत
ilayichi,इलायचची
aawaazen,आवाजें
balla,बल्ला
uplabdhi,उपलबब्ी
parshdon,पर्शदों
teeron,तीरों
bisawan,बिसवान
chabutare,चबुुटरर
matsyavtar,मा्सयावततत
alochak,अलोचक
chhetr,छेत्र
samanwayak,समन्वयकक
lakshya,लक्ष्य
slider,स्लाइडर
trouble,ट्रबलल
pushkarana,पुष्करणा
gaanth,गांथ
bahav,बहाव
rishtey,रिश्ते
dikhai,दिखाई
manchit,मानचित
libration,लाब््ेशशन
salaahkar,सलाहकार
mame,ममे
falibhut,फलीभूत
failegi,फैलेगी
chhetthari,छेत्ठरी
brock,ब्रॉक
kaushalta,कौशलताा
landal,लंंलल
malaga,मलागा
braat,भ्रात
sthool,स्थूल
hariyali,हरियाली
rahegi,रहेगी
chauk,चौक
sagrika,साग्रका
drame,ड्रमम
bikaner,बिकनेर
singha,सिं्ंा
subhay,सुभाय
afroz,अफ्रोज
badhotri,बदधोत्ती
jatra,जातरा
prayaasrat,प्रयास्रत
galaxion,गैला्सियं
dewey,देवे
noobiyaa,नूबिया
kush,कुश
cubeck,कब्कक
aavishkaar,आविष्कारं
qazi,काज़ी
ainth,ऐंठ
gaanthe,गांथे
junooni,जुननी
salahkaar,सलाहकार
macbook,मैकुक
chadhne,चढ़ने
bekaaboo,बेकाबू
atharva,अठरवा
harpaal,हर्पाल
ravle,रावले
halchaal,हलचचल
rajnitikar,रानीीतिकरर
nilgai,निलगाई
ghataatop,घटाटोप
polimer,पॉलिमर
jobs,जॉब्स
handiya,हैंडिया
asphalt,एस्फल्ट
vartman,वार्तमन
maidi,मैदी
torch,टॉर्च
taza,ताजा
tufail,ट्येल
asfalt,अस्फाल
ushma,उष्म
qawwaliyon,क़व्वालियो
naagrik,नाग्रिक
yaatanaon,यातनाओं
bajrangi,बजरंगी
dhakelte,धकेलते
failaiye,फैलाइ
rajtantra,रजतंत्र
saym,सायम
ramtek,रामतेक
dikhla,दिखला
pahnati,पहनतती
arya,आर्या
mang,मंग
naakaam,नाकाम
juban,जूबा
route,रौते
machaye,मचाइ
jassi,जस्सी
sevai,सेवा
nikaalni,निकालनी
najeem,नजीम
aaryika,आर्यकाा
ladaiyon,लड़ाइयों
naram,नरमम
paramparik,पारंपरिकक
trot,ट्रोट
madhuara,मधुआरा
sipahi,सिपहही
puna,पूना
submission,सबममशनन
aswbhavik,अस्वभाविक
chhai,छाई
scooteron,स्कूटरों
falne,फलने
padrauna,पद्रौण
sirpur,सिरपुर
prahasan,प्रहसन
save,सावे
dangon,दांगों
chakatte,चकततते
engineer,इंजीनिर
marriage,मैरिज
fefda,फेफड़
truth,त्र
capacitor,कैपकसिरर
shumali,शुमाली
niyaa,निया
safety,साफेटटी
vaishakhi,वैशाखी
mezbaan,मेजबान
gujarata,गुजराता
neg,नेग
atharv,अथर्व
aagaa,आगा
tasting,टेस्टिंग
vaan,वान
seem,सीम
sooraj,सूरज
forcee,फोर्सी
chamkana,चमकाा
anukulata,अनुकूलता
suryadev,सूर्याेव
puru,पुरु
pahnaati,पहनाती
amargad,अमरगद
chaukhate,चौखते
sakshan,साक्षण
kanyaein,कन्याइं
bahamas,बहमस
packajon,पचकाजों
rahamat,रहमतत
chatushkon,चतुस्कों
sudhargrih,सुधार््हहह
tiron,तीरों
rakhna,रखना
vadak,वादक
nauvahan,नौवाहन
sim,सिम
karta,कर्ा
takara,टकारा
bikherti,बिखेरती
udakishung,उड़किंगग
baagiyon,बागियों
rese,रेसे
brigton,ब्रिगटोन
fulay,फुलय
kocchi,कोच्ची
danpati,दंपती
marmar,मर्मार
paradhin,पराधीन
sajsajja,सजसाज्ज
aapdayein,आपदाएं
ulema,उल्लेमा
maratha,मराथा
orion,ओरियनं
quebec,क्वेबेक
aabru,आब्रू
vyavadhan,व्यवधान
dose,डोस
maas,मांस
gross,ग्रॉस
sweekarte,स्वीकारते
vlad,व्लैड
sarguja,सरगुजा
chipakne,चिपकने
vivekheen,विवेखीनी
roni,रोणी
sugamata,सुगमता
font,फॉंट्ट
mauritius,मॉरीशस
sujhati,सुझाती
mundva,मुंडडा
dulne,दूलने
socar,सोका
prashansan,प्रशंसनन
narsanhar,नरसंहहार
peelepan,पीलेपन
rahenge,रहेंगे
jud,जुड़
naxalvaaad,नक्ललवाद
valkkan,वलक्कण
chhuptaa,छुप्ता
transfer,ट्रांसफर
anavashyak,अनावश्यकक
dhandhon,धांधों
aliens,ऐलइंस
yatraen,यात्राएं
parosane,परोसने
beerganj,बीर्ंंज
clay,क्ले
hisham,हिशम
augusta,उगस्त
ibija,इबीजा
hercules,हर्कल्स
bhraantiya,भ्रणतियां
raubadaar,रौबादार
gene,गेन
fyuji,फियूजी
warrior,वारियर
jalbhrav,जलभराव
pushkarna,पुष्कर्ण
najim,नाजिम
teap,टीप
bhabhoot,भभूत
mithaai,मिठाई
paathyakra,पतथ्यक्रर
dhaatuein,धातुएं
darmiyan,डरमियां
girjaghar,गिरजाघार
adp,एडीपी
yada,यादा
bandhti,बांधती
aagaashe,आगाशे
eyarave,एयरवे
virodhabha,विरोधभभा
sherawat,शेरावत
wade,वाडे
rumani,रूमानी
parikshaen,परीक्षाएं
talabgaar,तलाबगार
dhatna,ढाटाा
sanskar,संस्कर
malaar,मालार
paramparik,पारंपरिकक
saimans,सैममंस
bnaam,बनाम
aaram,आरमम
bakhshne,बख़शनने
faisla,फैससा
basava,बसवा
parwa,परवा
yojanaein,योजनाइंं
solicitor,सोलिसिटर
zarda,जरददा
phalitarth,फलीतरर्थ
vishanu,विषाणु
formule,फॉर्मूल
aadhin,आधिन
mates,मेट्स
juraab,जुराब
birganj,बीरगंज
kpada,कपडड़
kathfodve,कठफोड़वे
khatakti,खतकती
carat,कारत
tribunal,ट्राबबुनल
navya,नव्ा
karyakarta,कार्यका्ता
chai,चाई
anaavashya,अनावश्यकक
hundiya,हंडडिया
shaasakon,शासकों
raj,राज
stain,स्टेन
short,शॉटट
clock,क्लॉक
tyohar,त्योहार
hanfte,हंफफते
hault,हॉल्ट
baahulya,बाहुल्य
varn,वॉ्न
maisore,मैसोर
shirke,शिरके
mardaani,मर्दानी
narnari,नरनारी
arica,अरिका
ambaani,अमबानी
dit,डीत
ripon,रिपों
marathi,मराथी
atkata,अटकता
phodo,फोड़ो
rig,रिग
sdueep,स्दुपीप
arbab,अरबबब
aasteen,आस्तीन
jhil,झील
aawajon,आवाजों
jhuthlane,झूठलाने
pailoton,पैलोटों
packard,पककर्ड
girish,गिरिश
ankor,एंको
richual,रिचुल
jaatiyon,जातियों
less,लेस
allah,अल्हा
amadan,अमदन
lakiron,लकिरों
chhupkar,छुपकर
lahlahati,लहलााहती
ulte,उल्टे
kiya,किया
gm,जीएम
praathmika,प्राथमीकार
taantaa,तांता
ardas,अर्दस
vartaman,वार्तमान
gangaajal,गंगाजल
gatisheel,गतिशील
jangadnaa,जनगा़ना
avishvaasn,अविश्वासन
mejbaani,मेजबानी
bajaru,बाजारु
daddy,दद्दय
bhusvami,भूस्वामी
nrityashai,नृत्यशासी
mahathir,महतिर
maangi,मांगी
suniti,सुनीती
sweep,स्वीप
achhanera,अछानेरा
chaupal,चौपलल
letakar,लेटकार
roopak,रूपक
jubair,जुबैबर
granthiyan,ग्रथथियां
apriyary,अप्रियारी
sanskrutiy,संस्कृतियो
aparivarta,अपरिवर्तत
shrankhala,श्रृंखलां
charas,चारस
ccd,सीसीडी
stan,स्टैन
dravani,द्रववनी
pv,पीवी
jaydayal,जययदाल
batlaaye,बतलाय
kapdo,कपड़ो
narnaari,नरनारी
antaha,अंताा
suta,सूता
aster,आस्टर
virodhabha,विरोधभभ
asurkshit,असुर्क्षित
pushp,पुष्प
satvat,सत्वत
vanshvad,वाश्वाद
avasthaaye,अवस्थाएं
atthaas,अत्ठास
saabah,साबाह
jing,जिंग
bhadakaaya,भड़काया
official,ऑफिसियल
chamakna,चमकना
finger,फिंगर
chhavi,छावी
jeevanshai,जीवनशैलय
pidiya,पीड़िया
dhokhebaaj,धोखेबाज
deewani,दीवानी
vimarshon,विमर्शों
machanno,मशान्ों
avashist,अवशिस्ट
jhalla,झालाा
dipsingh,डिप्सिं
beef,बीफ
duvidhaaye,दुविधाएं
shooting,शूटिंग
pakaen,पकाएंं
rishikul,रिशिकुल
vaitravati,वैत्रवती
ishak,इसाक
alliance,एलायंस
kamzor,कमजोर
ilaj,इलाज़
sheling,शेलिंग
belacha,बेलचा
ashvtth,अश्वत्थ
ravel,रेवल
chakkar,चक्कर
baawaraa,बावरा
bijak,बिजक
sukhakar,सुखाकर
saltanat,साल्टेट
khudai,खुदाई
umesh,उम्ेश
dinosaur,दिनौसौर
testing,टेस्टंंग
sahkalakar,सहकललकरर
purane,पूराने
tantrikao,तंत्रिकाओं
prahlaad,प्रहलाद
avarodhak,अवरोधक
jgaayega,जगायगा
haanfte,हांफतते
kalamjeet,कलामजीत
pharmon,फरमों
chan,चान
dhoraji,धोराजी
haaranaa,हारना
aalsi,आलसी
eksaath,इकसाथ
neko,नेको
ladaai,लड़ाई
bharatanat,भररतनााा
dayitva,दयित्व
yorker,यॉर्कर
processing,प्रोसेसिंं
baku,बाकू
tapmano,तप्मानों
hamaal,हमाल
mhapauron,महापौरों
manaye,मनाय
destinatio,डिस्टीनेशन
adhyayanra,अध्ययन्र
farrukhaba,फररुखबबद
matix,मेटिक्स
grist,ग्रिस्ट
alankaar,अलंकार
achivement,अचिवेमेंट
hamala,हमाला
mayorkaa,मयोरका
rapping,रैपिंग
agvaai,अग्वाई
aamod,आमोद
shrinkhala,श्रृंललां
udant,उदांत
dredger,ड्रेडर
fod,फोड
labdh,लब्ध
arymaa,आर्मा
chauka,चौका
chauki,चौकी
uchhalane,उछालने
sugmta,सुग्मता
pangolin,पंगोलीन
jajamau,जजममौ
sayan,सायन
sarkaaron,सरकारों
bandej,बंदेज
vishwasani,विश्वासनी
lemon,लेमो
benvar,बेंवर
shanghai,शंघाई
ulate,उलते
darra,डररा
gtod,गेतोड
bakaayon,बकायों
zarakh,जरख
vyagr,व्याग्र
mubarkpur,मूबर्पुरर
saraaha,सराहा
introducti,इंट्रड्क्ट
sinha,सिं्हा
clerys,क्लररिस
shrankhala,श्रंंखलां
samprabhu,संप्रभू
paraadheen,पराधीन
laigikata,लैगिकता
mhavidyan,महाविद्यान
udakishuga,उदाकिशगग
shayak,शायक
badhaataa,बढ़ाता
bachti,बचती
mahantam,महंतमम
pharmacy,फैरमेसी
label,लेबल
naamo,नामो
suljaayi,सुलज़यी
urwarta,उर्वरतता
alha,अल्हा
dune,दूने
alnkaaron,अलंकारों
dhokebaaz,धोकेबाज
kaav,काव
kajoo,काजू
craig,क्रेज
banbi,बांबी
yuddhrat,युद्धरत
kaasht,काष्ट
suljhai,सुलझाई
uthaakar,उठाकर
iris,आयरिस
kriyayog,क्रियायोग
dhoron,धोरों
chakshu,चक्षु
dakhile,दाखिलेे
bhadakaya,भड़काया
kambalon,कंबालों
devi,देवी
mol,मोल
dhrupad,धृरुप
dirham,दीरहाम
gaumukh,गौमुख
stan,स्टैन
ganguly,गंगुल्य
ropaney,रोपणी
farookhaba,फरूखबबा
janaganana,जनगननना
charton,चरररों
karchhana,कर्चनना
melaani,मेलानी
nava,नवा
risane,रिसने
failaea,फैलाइय
athak,अथक
amavsya,अमवस्य
failaiya,फैलायाा
ulahana,उलाहना
megapixel,मेगपपिक््स
atke,आटके
khaatey,खाते
bhaunhon,भौन्हों
sambhalne,संभालने
tankaar,टांकार
putaliyaan,पूटलियां
likhkar,लिखकर
namo,नमो
pantar,पंतर
dardara,दर्ारा
aerobic,एरोबिकक
alba,अल्बा
gangrel,गैंग्रेल
gatishil,गटिशिल
jhalkati,झलकती
chi,ची
purvabhas,पूर्वाभास
oklahoma,ओकललहहम
bahavalpur,बहवालपुर
pakaude,पकाड़े
dhunaai,धुनाई
jaljale,जलजाले
candidate,कंडीडेट
bethnal,बेथनाल
failkar,फैलकर
pushpa,पुष्प
squash,स्क्वाश
package,पैकेज
diya,दिया
gangajal,गंगाजल
padha,पढ़ा
upneta,उपनेता
standhari,स्तनधारी
bamba,बांबा
ayodhyeana,अयोद्यैनन
vyabhichar,व्यभिचर्ा
khurasan,खुरसस
kritika,कृतिका
seth,सेठ
mezbaan,मेजबान
aadan,आडान
laurence,लॉरेंस
privacy,प्रिवेसी
pushpon,पुष्पं
bilae,बिलाई
aata,आता
simtata,सीमततता
rasad,रसड़
dhandhe,धांधे
nrutyashai,नृत्यशशासी
dhanadhany,धनाधा्य
tadipaar,तदीपार
verbal,वर्बल
jaun,जौन
samitiyan,समितियां
ea,इए
rasaayanik,रसायनिक
umanath,उमनाथ
mahapran,महाप्रण
pharase,फरसस
retweet,रिटवीट
sprint,स्प्रिंट
gochar,गोचार
bipin,बिपीनन
vyabhichar,व्यभिचर्र
nabj,नब्ज
jalgti,जलगती
dampatiyon,दंपपतियों
wahikayan,वाहिकायं
nirbaadh,निर्बाध
paheliyon,पहेलियों
lassi,लससी
keynote,केयोटे
vidhivat,विधिवतत
goyal,गोयल
moryon,मोरिों
shasakon,शससकों
aabantit,आबंंतित
keede,कीड
julmon,जुल्मों
mohana,मोहना
colorado,कलराडडो
sate,सात
menu,मेनु
pathshalay,पाषशालयय
lasoon,लासून
squash,स्क्वाश
jeenon,जीनों
untees,अंटीस
anka,एंका
siddhwat,सिद्ध्वत
tippnikar,तिप्पीककरर
apj,अपज
baadhaaon,बाधाओं
cavity,कैविटी
aamdani,आमदानी
vigyaanon,विज्ञानों
mardon,मा्दों
bhairavnat,भैरववनाता
kasara,कसरा
quantico,क्वांटिको
mogali,मोगली
panchang,पांांग
panpana,पनपना
dikhai,दिखाई
mhapran,म्हप्रणण
ragon,रागों
pintaa,पिंता
narayangar,नारायणगढ़
madhura,मधुरा
dhoraaji,धोराजी
dhona,ढोना
durghatna,दुर्घटनाा
celery,सेलेरी
laingikta,लैंगिकता
survin,सू्विन
narayangad,नारायणग
masse,मससे
sipaha,सिपहा
bhrantiyon,भ्रणतियों
shaharwasi,शहरवासी
gosvami,गोस्वामी
skala,स्कला
swipe,स्विप
mad,मड
isaaiyon,ईसाइयों
sthoolta,स्थूलता
nihalaani,निहाानी
vangchuk,वंगचुक
nichla,निचला
hawalat,हवालत
jay,जयय
straws,स्ट्रासस
ruby,रूबी
veronika,वेरोनिका
chhajan,छजज
dhokebaz,धोकेबाज
ubhaara,उभारा
anuthi,अनठठी
simatta,सिमत्ता
najeeb,नजीब
chanwal,चाववल
phatane,फटने
janhaani,जनहानी
ghisai,घिसाई
bhavanaon,भववनाओं
saira,सारर
reshe,रेशे
lahraee,लहराईी
ghunsa,घुंसा
shelling,शेलिंग
dvadash,द्वादश
ata,आता
jamaanaa,जमाना
suneyga,सुनेगा
maryada,मर्यदा
ankit,एंकीत
hippopotam,हिप्पोपोटम
nazarandaa,नज़रंदाज
bani,बानी
larry,लैीी
las,लस
nana,नाना
mtake,मैके
surana,सुरना
warriors,वारियर्स
pakshpaat,पक्षपाात
firti,फ़रती
sahakalaka,सहकलकार
bhartnatya,भा्तनत्या
katthaii,कट्ठैई
bapaa,बपा
kabren,कब्रें
pahan,पहन
sanchalano,संचानों
aastin,आस्तिन
farukhnaga,फरुख्नगर
killat,किल्ट
vipritata,विप्रितता
vytit,व्यतित
hilne,हिलने
wirerless,वायररल्स
suiyan,सूइयां
darul,दारुल
karvi,कारीी
jhalakti,झलकती
ralhan,रल्न
bhoopsingh,भूपसिंह
east,अस्ट
thanvi,ठनववी
augustine,ऑकस्टिन
offshore,ऑफ्शारर
varddhaman,वर्दममन
holding,हॉल्डिंग
janganana,जंगानना
pharse,फर्स
bantane,बंटटने
judaai,जुड़ाई
devapur,देवापुर
ghumakkado,घुमाकाडोों
bala,बाला
visheshaad,विशेषाध्धक
bhurbhura,भूरभुरा
wanshwad,वाश्वद
mejabani,मेजाबनी
ria,रिया
bayern,बेयर्न
janajagran,जनजगगरणण
punjikaran,पुंजीकरण
roopi,रूपी
apariharya,अपरिहर्या
dreijer,ड्रेजर
urvarata,उर्वरता
talawon,तललाों
blosam,ब्लॉसम
nirdeshika,निर्देशिका
roopesh,रुपश
arpit,आर्पिट
jvaron,ज्वारों
chhudaane,छुड़ाने
khat,खात
dipika,दिपिका
aram,आरम
amzera,अम्ररा
lahlahaati,लहलाहाटी
bangash,बंगाश
chausinga,चौसिंगगा
pahante,पहनते
dhtuen,धतूएं
skhalan,स्खलन
pehla,पहला
kangan,कंगन
joki,जोकी
deshkaal,देशकाल
sunaron,सुनरों
rangkata,रंगकता
kural,कूराल
bombi,बोमबबी
patwari,पटवारी
lalak,लाक
niyantaa,नियंता
hasino,हसीनों
barahamasi,बराहमसी
email,इमेल
chhupakar,छुपाकर
anishwarva,अनिश्वर्वर
tik,टिक
ishaak,इशाक
sabhayen,सभायं
makhdumpur,मखडडुपुर
vadli,वादली
ladai,लड़ाई
classon,क्लासों
piega,पिजगा
jat,जात
vishahin,विषाही
rectare,रिक्टारर
sujen,सूजें
jheelon,झीलों
meharaam,मेहराम
made,मेड
regional,रेजियनल
dhaak,ढाक
ia,इए
anton,एंटों
tse,टीसे
urvarta,उर्वरतता
naraji,नाराजी
tugalaki,तुगााकी
aryama,आर्यममा
louis,लुईस
rukte,रुकते
devisinh,देविसिनह
shrotaon,श्रोताओं
bhusi,भूसी
ghumaan,घूमान
jetha,जेठा
pradarshan,प्रदर्शनों
pigs,पिग्स
jivaniyaan,जीवनियां
pichhade,पिछड़े
praneet,प्रणीत
brahmleen,भ्रा्मलीनन
icc,आईसीसी
tapan,तपनन
mauryon,मॉरियों
naamdhari,नामधारी
ghontane,घोंटाने
virodh,विरोध
achnera,अछनेरा
banaam,बनाम
hamlavar,हमलाार
bhulataa,भूलाा
mod,मोड
nilabh,निलाभ
divyata,दीव्यता
chhaapemaa,छापेमा
sajan,सजन
pushpaa,पुष्पा
sanyog,संयोग
lavasa,लावसा
pathykram,पाठ्कक्रम
poonjikara,पूंजीकरण
siwan,सिवा
mehram,मेहराम
kanindham,कनिंदधम
baldvin,बाल्ववं
vegyanik,वेग्यानिक
heros,हिरोस
shitij,शीतिज
kide,किडे
bhishm,भिक्मम
tyauharon,त्याहाों
belcha,बेलचा
sheli,शेली
aagman,आग्म
nirbadh,निर्बाध
dual,डुआल
enzyme,इंजी
shirshkon,शिर्षकों
nasim,नासिम
uplaksh,उपलक्षष
maalish,मालिश
kundaliyan,कुंडलियां
pharth,फर्थ
tel,टेल
longewala,लोंगेवाला
pipra,पिप्र
moody,मूद्य
deepan,दीपन
als,एल्स
dikhaaee,दिखाई
bule,बुले
ranjkatha,रणजकठथा
aparivarta,अपरिवर्तत
agha,आगा
registan,रेजिस्टेन
aalhaa,आखा
kasida,कसीदा
wangchuk,वांचुक
nau,नौ
adani,अदानी
convocatio,कन्ोकेशशशन
prema,प्रेमा
masur,मसूर
parda,परदा
rita,रीता
pummi,पुमी
bhola,भोला
lega,लेगा
lakshy,लक्ष्य
patki,पटकी
pes,पेस
shubhankar,शुभंकारों
aise,ऐसे
jaatak,जातक
aithan,ऐंान
langaron,लंगरोों
chimti,चिमटी
baksa,बकसा
rasaayanik,रसायनिक
beem,बीम
melanin,मेलैनि
siyah,सियाह
achhi,अछी
saparivaar,सपरिवारो
benwar,बेंवर
ladate,लड़तते
avrutiyon,आवरतििों
maryaadaao,मर्यादों
raak,राक
gomukh,गोमुख
baag,बाग
ludhkate,लुढ़कते
jagriti,जगरीती
parabola,परबबोला
fawaaron,फवारों
samprabhut,सापप्रभूत
gammat,गमममत
patili,पटिली
ghataya,घटाया
manchon,माचों
talawe,तालाे
to,टो
dikhaai,दिखाई
chillane,चिल्ले
siswa,सिस्व
skootaron,स्ोूतरों
parishadiy,परिशादियों
aazmaanaa,आज़ाना
jaankaaron,जानकारों
niketan,निकेतन
mushahid,मुशाहिद
karki,करकी
lochdar,लोच्दार
november,नोवंबर
cavalry,केवलरी
awantipora,आवांतिपररण
bethanal,बेथनाल
sambhalane,संभालने
ananti,अनंती
generic,जेनररिक
bhutal,भूतलल
zamaanaa,जमाना
chhuri,छुड़ी
janahaani,जनाननी
rooting,रूटिंग
jockey,जॉकी
granite,ग्रैनाइट
chhe,छे
gumaan,गुमान
karykartaa,कार्यका्ता
sim,सिम
around,आरोंंड
langda,लांगड़ा
labelon,लेबललं
isayiyon,ईसाइयों
diwani,दीवानी
barahsinga,बारहििंही
vibhrm,विभ्रम
kapdon,कपड़ों
putale,पूतलले
vanshvaad,वंश्वाद
raji,राजी
vaigyanikt,वै्ञ्ञािकत
maulaviyon,मौलवियों
barat,बाात
nitrous,नाइट्रूस
james,जेमस
bhav,भाव
root,रूट
lahrai,लहराई
vivekahin,विवेकाहिन
bharate,भररते
sarkarein,सरकारें
neat,नीट
prapaat,प्रपाट
kankar,कांकर
jhuthalane,झुठलने
mithya,मिथ्य
upadravi,उपदररवी
swiftlate,स्वाफ्टलेट
manjilen,मंजीलें
shakhayen,शखायों
padadhikar,पदाधिकारा
ashrafi,अश्फफी
darate,डरते
pahni,पहनी
tyoharon,त्योहारों
mubarakpur,मबबाकपुरर
kaldvel,कालदवेल
jenner,जेनरर
spelar,स्पेलर
aapdaein,आपदाईं
dhuni,धूणी
seaten,सीटें
pammi,पम्मी
tuberkyulo,ट्यूब्ययलो
brocken,ब्रॉकन
sahadev,सहादेव
contempora,कंटेमपोरर
karachana,कराचना
francisko,फ्रांसिसको
khuda,खुदा
velvet,वेलवेट
enth,ऐंठ
dazy,डेजी
sahab,सहाब
bhoogol,भूगोल
pitamah,पीतामह
aasan,आसन
takaraon,तकाराओं
prastaavon,प्रस्तावों
bekabu,बेकाबू
jinon,जीनों
toh,तोह
dvivedi,द्विवेदी
mejbani,मेजबानी
avrodhak,अवरोधक
profit,प्रॉफ़िट
nigger,निगगर
dork,डोर्क
aaryan,आर्यन
busy,बसी
veerchand,वीरचंद
sfoorti,स्फूर्ती
awasthaen,अवस्थाएं
doge,दोगे
nishpaap,निश्पाप
bhutto,भुट्टो
wedding,वेडिंग
urvarakon,ऊर्वरकों
khilana,खिलना
pahla,पहला
prahlad,प्रह्ाद
royals,रॉयल्स
have,हावे
namankano,नमनककनों
lapetne,लपेटने
jarakh,जरख
hakikat,हाकककत
lace,लेस
risaney,रिसने
fringe,फ्रांज
udaanaa,उड़ना
pehnati,पहनाती
vastavik,वास्तविक
earthquake,य्थंकके
modules,मोडुलल्स
cute,कूट
lakshmigha,लक्ष्मीगध
aahnaan,आहनान
hijda,हिजडा
bhrant,भ्रांत
khene,खेने
chabutre,चबबुत्रे
sagarika,सगगरिका
khattapan,खट्टापन
doongarpur,दूंगर्ुर
parlouron,पार्लौरों
mange,मागे
veeresh,वीरेश
dhasmaanaa,धस्माना
audhyogika,औद्योगिकार
naxali,नककसीी
pathyakram,पाठयक्रमम
dubna,दूबना
thumri,थूमरी
lidaron,लिडारों
angreji,अंग्रजजी
addon,एडोन
langada,लंगडड़ा
khinchakar,खींचाकरर
choron,चोरों
wed,वेड
maina,माना
ehsaas,एहसास
badhav,बाधवव
vyagra,व्याग्र
asset,एसेट
pashtuun,पश्टून
kabra,का्रा
sahuuliyat,सहौलियतों
raajasva,राजस्व
vitthal,वित्थल
dampattiyo,दंपप्तियों
convention,कन्वेशन
bhooswaami,भूस्वामी
jalbhraav,जलभराव
maang,मांग
beesavaan,बीसवान
baithate,बैठतत
tirthatan,तीर्थतनन
nagin,नागीन
pardaa,परदा
adaani,अदानी
eksath,इकसाथ
chink,चिंक
endometria,इंडोमेट्रि
divy,दिव्य
aanad,आनाद
piki,पिकी
bulaao,बुलाओ
kut,कूट
pushkarnaa,पुष्करणान
tanjavur,तंजावूर
chhagan,छगन
pehno,पहनों
mahipal,महिपाल
dak,डक
akhil,अखिल
samjhunga,समझुगा
aamdan,आमदान
triya,त्रिया
friendship,फ्रैंडशिप
naivegh,नैवेघ
daah,दाह
sacchidana,सच्चिदाना
rayan,रायन
jeevant,जीवंत
laksar,लक्सर
broken,ब्रॉकनन
vyavaharga,व्यवहार्गन
machaaye,मचाए
prem,प्रेम
punjab,पुंजब
badhaaon,बधधाओं
machano,मशानों
harana,हराना
mular,मूला
patachep,पतचेप
asamaany,असााान्य
duvidhaen,दुविधाएं
bhugat,भूगत
paarshadon,पार्शदों
chhalla,छल्ला
vikalpon,विकल्पों
sanyojanon,संयोजनों
bandhati,बांधती
kuposhit,कुपोषित
rangte,रंगते
mum,मूम
beejak,बीजक
dhammaa,धम्मा
veronica,वररोनिका
jin,जीन
ti,टी
pythogaras,प्थोगारसस
alive,एलिव
tapkati,तपकतती
padhaa,पढ़ा
yatnaon,यथनाओं
slash,स्लाश
jenee,जेनी
inhaletion,इन्हालेशन
error,ईरर
shasak,शासक
theater,थीटर
paltane,पालतने
bandhuon,बंधुओं
barsa,बरसा
prathmik,प्राममिक
oklahoma,ओकलाहोमा
vaisley,वासली
yashpaal,यश्पाल
pachata,पचाता
badhachadh,बधाचाध्ध्
kaushambi,कौशंबी
utpan,उत्पान
aavritiyon,आवृतियों
fogat,फोगत
bholu,भोलू
padegaa,पड़गा
dhankuber,धनकुबेर
dhundhta,ढूंधता
sathsath,सासस्थ
tagde,तगदेद
lumding,लुमडिंग
prastavon,प्रस्तावों
phod,फोड
jadd,जाद
abbot,अब्बेट
avisvasniy,अविस्वासीय
namdhari,नाधारी
sayara,सयारा
bhugata,भूगता
dhairyawan,धैर्यवंं
poker,पोकर
trangistor,ट्रैंजिस्ट
sanketik,सांकेतिक
aliance,एलायंस
registerd,रिजस्टर्ड
naseem,नसीम
map,मैप
billa,बिल्ला
mohini,मोहिनी
darawani,दरावानी
shrikhand,श्रीखंद
swachalit,स्वचालित
sanchalnon,संचानों
jadein,जादें
bagh,बाघ
usmen,उस्में
laingadan,लैंगड़न
upakhyaano,उपख्यानों
rehaana,रेहाना
jimme,जिम्मे
shrunkhlao,शृंखलाओं
bosaan,बोसान
shield,शील्ड
dhaagaa,ढागा
